Facility Category,Name of Building/Facility,Address of Building/Facility,建築物/設施名稱,建築物/設施名稱.1,Country Park/Special Area,郊野公園/特別地區,Telephone,聯絡電話,Website,網頁,Latitude Decimal Degree(DD.DDD),Longitude Decimal Degree(DD.DDD),Service Hours (From),Service Hours (To)
Country Park Toilet Locations,Toilet (Fei Ngo Shan Picnic Site No. 2; Halfway along Wilson Trail - Section No. 4),Fei Ngo Shan Picnic Site No. 2; Halfway along Wilson Trail - Section No. 4,廁所 (飛鵝山郊遊場地二號；衛奕信徑 - 第四段 中間位),飛鵝山郊遊場地二號；衛奕信徑 - 第四段 中間位,MA ON SHAN COUNTRY PARK,馬鞍山郊野公園,1823,1823,https://www.afcd.gov.hk/english/country/cou_vis/cou_vis_rec/cou_vis_dis.html,https://www.afcd.gov.hk/tc_chi/country/cou_vis/cou_vis_rec/cou_vis_dis.html,22.35302,114.22119,0:00,24:00:00
Country Park Toilet Locations,"Toilet (Pak Kung Au Picnic Site, Tung Chung Road)","Pak Kung Au Picnic Site, Tung Chung Road",廁所 (東涌道 伯公坳郊遊場地),東涌道 伯公坳郊遊場地,LANTAU SOUTH COUNTRY PARK,南大嶼郊野公園,1823,1823,https://www.afcd.gov.hk/english/country/cou_vis/cou_vis_rec/cou_vis_dis.html,https://www.afcd.gov.hk/tc_chi/country/cou_vis/cou_vis_rec/cou_vis_dis.html,22.24858,113.94298,0:00,24:00:00
Country Park Toilet Locations,"Toilet (Pak Kung Au Barbecue Site, Tung Chung Road)","Pak Kung Au Barbecue Site, Tung Chung Road",廁所 (東涌道 伯公坳燒烤場地),東涌道 伯公坳燒烤場地,LANTAU SOUTH COUNTRY PARK,南大嶼郊野公園,1823,1823,https://www.afcd.gov.hk/english/country/cou_vis/cou_vis_rec/cou_vis_dis.html,https://www.afcd.gov.hk/tc_chi/country/cou_vis/cou_vis_rec/cou_vis_dis.html,22.24812,113.94307,0:00,24:00:00
Country Park Toilet Locations,Toilet (Junction of Tai Tam Road and Tai Tam Reservoir Road),Junction of Tai Tam Road and Tai Tam Reservoir Road,廁所 (大潭道及大潭水塘道 交界),大潭道及大潭水塘道 交界,TAI TAM COUNTRY PARK,大潭郊野公園,1823,1823,https://www.afcd.gov.hk/english/country/cou_vis/cou_vis_rec/cou_vis_dis.html,https://www.afcd.gov.hk/tc_chi/country/cou_vis/cou_vis_rec/cou_vis_dis.html,22.24011,114.22125,0:00,24:00:00
Country Park Toilet Locations,"Toilet (Near Tai Tam Gap Correctional Institution, Hong Kong Trail - Section No. 8)","Near Tai Tam Gap Correctional Institution, Hong Kong Trail - Section No. 8",廁所 (港島徑 - 第八段 近大潭峽懲教所),港島徑 - 第八段 近大潭峽懲教所,SHEK O COUNTRY PARK,石澳郊野公園,1823,1823,https://www.afcd.gov.hk/english/country/cou_vis/cou_vis_rec/cou_vis_dis.html,https://www.afcd.gov.hk/tc_chi/country/cou_vis/cou_vis_rec/cou_vis_dis.html,22.25512,114.23181,0:00,24:00:00
Country Park Toilet Locations,Toilet (To Tei Wan Tsuen; Junction of Shek O Road and Hong Kong Trail - Section No. 8),To Tei Wan Tsuen; Junction of Shek O Road and Hong Kong Trail - Section No. 8,廁所 (土地灣村；石澳道及港島徑 - 第八段 交界),土地灣村；石澳道及港島徑 - 第八段 交界,SHEK O COUNTRY PARK,石澳郊野公園,1823,1823,https://www.afcd.gov.hk/english/country/cou_vis/cou_vis_rec/cou_vis_dis.html,https://www.afcd.gov.hk/tc_chi/country/cou_vis/cou_vis_rec/cou_vis_dis.html,22.22702,114.23982,0:00,24:00:00
Country Park Toilet Locations,"Toilet (Picnic Site No. 5, Golden Hill Road)","Picnic Site No. 5, Golden Hill Road",廁所 (金山路 郊遊場地5號),金山路 郊遊場地5號,KAM SHAN COUNTRY PARK,金山郊野公園,1823,1823,https://www.afcd.gov.hk/english/country/cou_vis/cou_vis_rec/cou_vis_dis.html,https://www.afcd.gov.hk/tc_chi/country/cou_vis/cou_vis_rec/cou_vis_dis.html,22.35455,114.15203,0:00,24:00:00
Country Park Toilet Locations,"Toilet (Wan Tsai West Campsite, Sai Kung)","Wan Tsai West Campsite, Sai Kung",廁所 (西貢 灣仔西營地),西貢 灣仔西營地,SAI KUNG WEST (WAN TSAI EXT.) COUNTRY PARK,西貢西 (灣仔擴建部分)郊野公園,1823,1823,https://www.afcd.gov.hk/english/country/cou_vis/cou_vis_rec/cou_vis_dis.html,https://www.afcd.gov.hk/tc_chi/country/cou_vis/cou_vis_rec/cou_vis_dis.html,22.46553,114.3394,0:00,24:00:00
Country Park Toilet Locations,"Toilet (Near Morning Walker Garden, Pok Fu Lam Country Park)","Near Morning Walker Garden, Pok Fu Lam Country Park",廁所 (近薄扶林郊野公園 晨運園地),近薄扶林郊野公園 晨運園地,LUNG FU SHAN COUNTRY PARK,龍虎山郊野公園,1823,1823,https://www.afcd.gov.hk/english/country/cou_vis/cou_vis_rec/cou_vis_dis.html,https://www.afcd.gov.hk/tc_chi/country/cou_vis/cou_vis_rec/cou_vis_dis.html,22.27654,114.13274,0:00,24:00:00
Country Park Toilet Locations,Toilet (Tsin Yue Wan Campsite),Tsin Yue Wan Campsite,廁所 (煎魚灣營地),煎魚灣營地,LANTAU SOUTH COUNTRY PARK,南大嶼郊野公園,1823,1823,https://www.afcd.gov.hk/english/country/cou_vis/cou_vis_rec/cou_vis_dis.html,https://www.afcd.gov.hk/tc_chi/country/cou_vis/cou_vis_rec/cou_vis_dis.html,22.20872,113.84457,0:00,24:00:00
Country Park Toilet Locations,Toilet (Sai Wan Campsite),Sai Wan Campsite,廁所 (西灣營地),西灣營地,SAI KUNG EAST COUNTRY PARK,西貢東郊野公園,1823,1823,https://www.afcd.gov.hk/english/country/cou_vis/cou_vis_rec/cou_vis_dis.html,https://www.afcd.gov.hk/tc_chi/country/cou_vis/cou_vis_rec/cou_vis_dis.html,22.39818,114.36972,0:00,24:00:00
Country Park Toilet Locations,Toilet (Sai Wan; MacLehose Trail - Section No. 2),Sai Wan; MacLehose Trail - Section No. 2,廁所 (西灣；麥理浩徑 - 第二段),西灣；麥理浩徑 - 第二段,SAI KUNG EAST COUNTRY PARK,西貢東郊野公園,1823,1823,https://www.afcd.gov.hk/english/country/cou_vis/cou_vis_rec/cou_vis_dis.html,https://www.afcd.gov.hk/tc_chi/country/cou_vis/cou_vis_rec/cou_vis_dis.html,22.39603,114.37135,0:00,24:00:00
Country Park Toilet Locations,Toilet (High Island Reservoir East Dam Picnic Site),High Island Reservoir East Dam Picnic Site,廁所 (萬宜水庫東壩郊遊場地),西貢萬宜東壩郊遊場地,SAI KUNG EAST COUNTRY PARK,西貢東郊野公園,1823,1823,https://www.afcd.gov.hk/english/country/cou_vis/cou_vis_rec/cou_vis_dis.html,https://www.afcd.gov.hk/tc_chi/country/cou_vis/cou_vis_rec/cou_vis_dis.html,22.36183,114.37155,0:00,24:00:00
Country Park Toilet Locations,Toilet (Pak Lap Campsite),Pak Lap Campsite,廁所 (白腊營地),白腊營地,SAI KUNG EAST COUNTRY PARK,西貢東郊野公園,1823,1823,https://www.afcd.gov.hk/english/country/cou_vis/cou_vis_rec/cou_vis_dis.html,https://www.afcd.gov.hk/tc_chi/country/cou_vis/cou_vis_rec/cou_vis_dis.html,22.35951,114.36531,0:00,24:00:00
Country Park Toilet Locations,"Toilet (Ngong Ping Campsite, Ma On Shan)","Ngong Ping Campsite, Ma On Shan",廁所 (馬鞍山 昂平營地),馬鞍山 昂平營地,MA ON SHAN COUNTRY PARK,馬鞍山郊野公園,1823,1823,https://www.afcd.gov.hk/english/country/cou_vis/cou_vis_rec/cou_vis_dis.html,https://www.afcd.gov.hk/tc_chi/country/cou_vis/cou_vis_rec/cou_vis_dis.html,22.39229,114.25162,0:00,24:00:00
Country Park Toilet Locations,"Toilet (Hok Tau Reservoir Barbecue Site No. 1, Hok Tau Reservoir Family Walk)","Hok Tau Reservoir Barbecue Site No. 1, Hok Tau Reservoir Family Walk",廁所 (鶴藪水塘燒烤場地1號；鶴藪水塘家樂徑),鶴藪水塘燒烤場地1號；鶴藪水塘家樂徑,PAT SIN LENG COUNTRY PARK,八仙嶺郊野公園,1823,1823,https://www.afcd.gov.hk/english/country/cou_vis/cou_vis_rec/cou_vis_dis.html,https://www.afcd.gov.hk/tc_chi/country/cou_vis/cou_vis_rec/cou_vis_dis.html,22.49123,114.18429,0:00,24:00:00
Country Park Toilet Locations,Toilet (Pak Tai To Yan Viewing Point),Pak Tai To Yan Viewing Point,廁所(北大刀屻觀景台),北大刀屻觀景台,LAM TSUEN COUNTRY PARK,林村郊野公園,1823,1823,https://www.afcd.gov.hk/english/country/cou_vis/cou_vis_rec/cou_vis_dis.html,https://www.afcd.gov.hk/tc_chi/country/cou_vis/cou_vis_rec/cou_vis_dis.html,22.46732,114.12872,0:00,24:00:00
Country Park Toilet Locations,Toilet (Shing Mun Arboretum Entrance),"Shing Mun Arboretum Entrance, Shing Mun Forest Track - Arboretum Section",廁所 (城門標本林入口),城門標本林入口 城門林道 - 標本林段,SHING MUN COUNTRY PARK,城門郊野公園,1823,1823,https://www.afcd.gov.hk/english/country/cou_vis/cou_vis_rec/cou_vis_dis.html,https://www.afcd.gov.hk/tc_chi/country/cou_vis/cou_vis_rec/cou_vis_dis.html,22.40524,114.15617,0:00,24:00:00
Country Park Toilet Locations,Toilet (Shing Mun Forest Track - Needle Hill Section; Halfway along MacLehose Trail - Section No. 7),Shing Mun Forest Track - Needle Hill Section; Halfway along MacLehose Trail - Section No. 7,廁所 (城門林道 - 針山段；麥理浩徑 - 第7段 中間位),城門林道 - 針山段；麥理浩徑 - 第7段 中間位,SHING MUN COUNTRY PARK,城門郊野公園,1823,1823,https://www.afcd.gov.hk/english/country/cou_vis/cou_vis_rec/cou_vis_dis.html,https://www.afcd.gov.hk/tc_chi/country/cou_vis/cou_vis_rec/cou_vis_dis.html,22.39477,114.16835,0:00,24:00:00
Country Park Toilet Locations,"Toilet (Nam Shan Campsite, South Lantau Road)","Nam Shan Campsite, South Lantau Road",廁所 (南大嶼路 南山營地),南大嶼路 南山營地,LANTAU SOUTH COUNTRY PARK,南大嶼郊野公園,1823,1823,https://www.afcd.gov.hk/english/country/cou_vis/cou_vis_rec/cou_vis_dis.html,https://www.afcd.gov.hk/tc_chi/country/cou_vis/cou_vis_rec/cou_vis_dis.html,22.25357,113.98595,0:00,24:00:00
Country Park Toilet Locations,Toilet (High Island Reservoir East Dam; MacLehose Trail - Section No. 1),High Island Reservoir East Dam; MacLehose Trail - Section No. 1,廁所 (萬宜水庫東壩；麥理浩徑 - 第一段),萬宜水庫東壩；麥理浩徑 - 第一段,SAI KUNG EAST COUNTRY PARK,西貢東郊野公園,1823,1823,https://www.afcd.gov.hk/english/country/cou_vis/cou_vis_rec/cou_vis_dis.html,https://www.afcd.gov.hk/tc_chi/country/cou_vis/cou_vis_rec/cou_vis_dis.html,22.36557,114.37424,0:00,24:00:00
Country Park Toilet Locations,"Toilet (Lung Fu Shan Picnic Site No. 1, Pinewood Battery Heritage Trail)","Lung Fu Shan Picnic Site No. 1, Pinewood Battery Heritage Trail",廁所 (松林砲台歷史徑 龍虎山郊遊場地1號),松林砲台歷史徑 龍虎山郊遊場地1號,LUNG FU SHAN COUNTRY PARK,龍虎山郊野公園,1823,1823,https://www.afcd.gov.hk/english/country/cou_vis/cou_vis_rec/cou_vis_dis.html,https://www.afcd.gov.hk/tc_chi/country/cou_vis/cou_vis_rec/cou_vis_dis.html,22.27719,114.13642,0:00,24:00:00
Country Park Toilet Locations,"Toilet (Wan Tsai South Campsite, Sai Kung)","Wan Tsai South Campsite, Sai Kung",廁所 (西貢 灣仔南營地),西貢 灣仔南營地,SAI KUNG WEST (WAN TSAI EXT.) COUNTRY PARK,西貢西 (灣仔擴建部分)郊野公園,1823,1823,https://www.afcd.gov.hk/english/country/cou_vis/cou_vis_rec/cou_vis_dis.html,https://www.afcd.gov.hk/tc_chi/country/cou_vis/cou_vis_rec/cou_vis_dis.html,22.46174,114.34251,0:00,24:00:00
Country Park Toilet Locations,"Toilet (Bride's Pool Road Barbecue Site No. 6, Chung Pui)","Bride's Pool Road Barbecue Site No. 6, Chung Pui",廁所 (涌背 新娘潭路燒烤場地6號),涌背 新娘潭路燒烤場地6號,PAT SIN LENG COUNTRY PARK,八仙嶺郊野公園,1823,1823,https://www.afcd.gov.hk/english/country/cou_vis/cou_vis_rec/cou_vis_dis.html,https://www.afcd.gov.hk/tc_chi/country/cou_vis/cou_vis_rec/cou_vis_dis.html,22.48554,114.24373,0:00,24:00:00
Country Park Toilet Locations,Toilet (Shap Long Campsite),Shap Long Campsite,廁所 (十塱營地),十塱營地,LANTAU SOUTH COUNTRY PARK,南大嶼郊野公園,1823,1823,https://www.afcd.gov.hk/english/country/cou_vis/cou_vis_rec/cou_vis_dis.html,https://www.afcd.gov.hk/tc_chi/country/cou_vis/cou_vis_rec/cou_vis_dis.html,22.23685,113.98821,0:00,24:00:00
Country Park Toilet Locations,Toilet (Cheung Sheung Campsite),Cheung Sheung Campsite,廁所 (嶂上營地),嶂上營地,SAI KUNG WEST COUNTRY PARK,西貢西郊野公園,1823,1823,https://www.afcd.gov.hk/english/country/cou_vis/cou_vis_rec/cou_vis_dis.html,https://www.afcd.gov.hk/tc_chi/country/cou_vis/cou_vis_rec/cou_vis_dis.html,22.42856,114.30971,0:00,24:00:00
Country Park Toilet Locations,Toilet (Roundabout at the end of Golden Hill Road),Roundabout at the End of Golden Hill Road,廁所 (金山路尾迴旋處),金山路尾迴旋處,KAM SHAN COUNTRY PARK,金山郊野公園,1823,1823,https://www.afcd.gov.hk/english/country/cou_vis/cou_vis_rec/cou_vis_dis.html,https://www.afcd.gov.hk/tc_chi/country/cou_vis/cou_vis_rec/cou_vis_dis.html,22.36924,114.14595,0:00,24:00:00
Country Park Toilet Locations,Toilet (Sam A Chung Campsite),Sam A Chung Campsite,廁所 (三椏涌營地),三椏涌營地,PLOVER COVE COUNTRY PARK,船灣郊野公園,1823,1823,https://www.afcd.gov.hk/english/country/cou_vis/cou_vis_rec/cou_vis_dis.html,https://www.afcd.gov.hk/tc_chi/country/cou_vis/cou_vis_rec/cou_vis_dis.html,22.50849,114.27161,0:00,24:00:00
Country Park Toilet Locations,Toilet (Pak Fu Tin Campsite),Pak Fu Tin Campsite,廁所 (白富田營地),白富田營地,LANTAU SOUTH COUNTRY PARK,南大嶼郊野公園,1823,1823,https://www.afcd.gov.hk/english/country/cou_vis/cou_vis_rec/cou_vis_dis.html,https://www.afcd.gov.hk/tc_chi/country/cou_vis/cou_vis_rec/cou_vis_dis.html,22.25158,113.99438,0:00,24:00:00
Country Park Toilet Locations,Toilet (Nai Chung Barbecue Site),Nai Chung Barbecue Site,廁所 (泥涌燒烤場地),泥涌燒烤場地,MA ON SHAN COUNTRY PARK,馬鞍山郊野公園,1823,1823,https://www.afcd.gov.hk/english/country/cou_vis/cou_vis_rec/cou_vis_dis.html,https://www.afcd.gov.hk/tc_chi/country/cou_vis/cou_vis_rec/cou_vis_dis.html,22.42988,114.25847,0:00,24:00:00
Country Park Toilet Locations,Toilet (Junction of Forest Tracks - Needle Hill Section and Reservoir Section),Junction of Forest Tracks - Needle Hill Section and Reservoir Section,廁所 (城門林道 - 針山段及水塘段交界),城門林道 - 針山段及水塘段交界,SHING MUN COUNTRY PARK,城門郊野公園,1823,1823,https://www.afcd.gov.hk/english/country/cou_vis/cou_vis_rec/cou_vis_dis.html,https://www.afcd.gov.hk/tc_chi/country/cou_vis/cou_vis_rec/cou_vis_dis.html,22.39228,114.15513,0:00,24:00:00
Country Park Toilet Locations,"Toilet (Picnic Site No. 1, Piper's Road; Eagle's Nest Nature Trail Entrance)","Picnic Site No. 1, Piper's Road; Eagle's Nest Nature Trail Entrance",廁所 (琵琶山路 郊遊場地1號；鷹巢山自然教育徑入口),琵琶山路 郊遊場地1號；鷹巢山自然教育徑入口,LION ROCK COUNTRY PARK,獅子山郊野公園,1823,1823,https://www.afcd.gov.hk/english/country/cou_vis/cou_vis_rec/cou_vis_dis.html,https://www.afcd.gov.hk/tc_chi/country/cou_vis/cou_vis_rec/cou_vis_dis.html,22.34734,114.15373,0:00,24:00:00
Country Park Toilet Locations,"Toilet (Hok Tau Reservoir Barbecue Site No. 3, Hok Tau Reservoir Family Walk)","Hok Tau Reservoir Barbecue Site No. 3, Hok Tau Reservoir Family Walk)",廁所 (鶴藪水塘燒烤場地3號；鶴藪水塘家樂徑),鶴藪水塘燒烤場地3號；鶴藪水塘家樂徑,PAT SIN LENG COUNTRY PARK,八仙嶺郊野公園,1823,1823,https://www.afcd.gov.hk/english/country/cou_vis/cou_vis_rec/cou_vis_dis.html,https://www.afcd.gov.hk/tc_chi/country/cou_vis/cou_vis_rec/cou_vis_dis.html,22.4901,114.18308,0:00,24:00:00
Country Park Toilet Locations,"Toilet (Lo Kei Wan Campsite, Lantau Trail - Section No. 9)","Lo Kei Wan Campsite, Lantau Trail - Section No. 9",廁所 (鳳凰徑 - 第9段 籮箕灣營地),鳳凰徑 - 第9段 籮箕灣營地,LANTAU SOUTH COUNTRY PARK,南大嶼郊野公園,1823,1823,https://www.afcd.gov.hk/english/country/cou_vis/cou_vis_rec/cou_vis_dis.html,https://www.afcd.gov.hk/tc_chi/country/cou_vis/cou_vis_rec/cou_vis_dis.html,22.21168,113.91453,0:00,24:00:00
Country Park Toilet Locations,Toilet (Bride's Pool Road Barbecue Site No. 26; Junction of Wu Kau Tang Road and Bride's Pool Road),Bride's Pool Road Barbecue Site No. 26; Junction of Wu Kau Tang Road and Bride's Pool Road,廁所 (新娘潭路燒烤場地26號；烏蛟騰路及新娘潭路交界),新娘潭路燒烤場地26號；烏蛟騰路及新娘潭路交界,PLOVER COVE COUNTRY PARK,船灣郊野公園,1823,1823,https://www.afcd.gov.hk/english/country/cou_vis/cou_vis_rec/cou_vis_dis.html,https://www.afcd.gov.hk/tc_chi/country/cou_vis/cou_vis_rec/cou_vis_dis.html,22.50975,114.23458,0:00,24:00:00
Country Park Toilet Locations,Toilet (Fei Ngo Shan Picnic Site No. 1),Fei Ngo Shan Picnic Site No. 1,廁所 (飛鵝山郊遊場地一號),飛鵝山郊遊場地一號,MA ON SHAN COUNTRY PARK,馬鞍山郊野公園,1823,1823,https://www.afcd.gov.hk/english/country/cou_vis/cou_vis_rec/cou_vis_dis.html,https://www.afcd.gov.hk/tc_chi/country/cou_vis/cou_vis_rec/cou_vis_dis.html,22.35022,114.22535,0:00,24:00:00
Country Park Toilet Locations,Toilet (Tai Mei Tuk Barbecue Site No. 1),Tai Mei Tuk Barbecue Site No. 1,廁所 (大美督燒烤場地1號),大美督燒烤場地1號,PLOVER COVE COUNTRY PARK,船灣郊野公園,1823,1823,https://www.afcd.gov.hk/english/country/cou_vis/cou_vis_rec/cou_vis_dis.html,https://www.afcd.gov.hk/tc_chi/country/cou_vis/cou_vis_rec/cou_vis_dis.html,22.46847,114.23302,0:00,24:00:00
Country Park Toilet Locations,"Toilet (Wong Lung Hang Picnic Site, Wong Lung Hang Road)","Wong Lung Hang Picnic Site, Wong Lung Hang Road",廁所 (黃龍坑道 黃龍坑郊遊場地),黃龍坑道 黃龍坑郊遊場地,LANTAU NORTH COUNTRY PARK,北大嶼郊野公園,1823,1823,https://www.afcd.gov.hk/english/country/cou_vis/cou_vis_rec/cou_vis_dis.html,https://www.afcd.gov.hk/tc_chi/country/cou_vis/cou_vis_rec/cou_vis_dis.html,22.27219,113.95112,0:00,24:00:00
Country Park Toilet Locations,Toilet (Po Kwu Wan Campsite),Po Kwu Wan Campsite,廁所 (曝罟灣營地),曝罟灣營地,SAI KUNG EAST COUNTRY PARK,西貢東郊野公園,1823,1823,https://www.afcd.gov.hk/english/country/cou_vis/cou_vis_rec/cou_vis_dis.html,https://www.afcd.gov.hk/tc_chi/country/cou_vis/cou_vis_rec/cou_vis_dis.html,22.38216,114.32672,0:00,24:00:00
Country Park Toilet Locations,"Toilet (Bride's Pool Road, Chung Mei)","Bride's Pool Road, Chung Mei",廁所 (涌尾 新娘潭路),涌尾 新娘潭路,PLOVER COVE COUNTRY PARK,船灣郊野公園,1823,1823,https://www.afcd.gov.hk/english/country/cou_vis/cou_vis_rec/cou_vis_dis.html,https://www.afcd.gov.hk/tc_chi/country/cou_vis/cou_vis_rec/cou_vis_dis.html,22.49754,114.24108,0:00,24:00:00
Country Park Toilet Locations,Toilet (Opposite Tai Po Kau Management Centre),Opposite Tai Po Kau Management Centre,廁所(大埔滘管理站 對面),大埔滘管理站 對面,TAI PO KAU NATURE RESERVE,大埔滘自然護理區,1823,1823,https://www.afcd.gov.hk/english/country/cou_vis/cou_vis_rec/cou_vis_dis.html,https://www.afcd.gov.hk/tc_chi/country/cou_vis/cou_vis_rec/cou_vis_dis.html,22.42967,114.18092,0:00,24:00:00
Country Park Toilet Locations,"Toilet (Lung Mun Country Trail Start Point, Chuen Lung)","Lung Mun Country Trail Start Point, Chuen Lung",廁所 (川龍 龍門郊遊徑 起點),川龍 龍門郊遊徑 起點,TAI MO SHAN COUNTRY PARK,大帽山郊野公園,1823,1823,https://www.afcd.gov.hk/english/country/cou_vis/cou_vis_rec/cou_vis_dis.html,https://www.afcd.gov.hk/tc_chi/country/cou_vis/cou_vis_rec/cou_vis_dis.html,22.39032,114.11782,0:00,24:00:00
Country Park Toilet Locations,Toilet (Mount Parker Road Barbecue Site 3; Mount Parker Road),Mount Parker Road Barbecue Site 3; Mount Parker Road,廁所 (柏架山道燒烤場地3號；柏架山道),柏架山道燒烤場地3號；柏架山道,TAI TAM (QUARRY BAY EXT.) COUNTRY PARK,大潭(?魚涌擴建部分)郊野公園,1823,1823,https://www.afcd.gov.hk/english/country/cou_vis/cou_vis_rec/cou_vis_dis.html,https://www.afcd.gov.hk/tc_chi/country/cou_vis/cou_vis_rec/cou_vis_dis.html,22.27367,114.2113,0:00,24:00:00
Country Park Toilet Locations,Toilet (Tai Hang Tun Barbecue Site),Tai Hang Tun Barbecue Site,廁所 (大坑墩燒烤場地),大坑墩燒烤場地,CLEAR WATER BAY COUNTRY PARK,清水灣郊野公園,1823,1823,https://www.afcd.gov.hk/english/country/cou_vis/cou_vis_rec/cou_vis_dis.html,https://www.afcd.gov.hk/tc_chi/country/cou_vis/cou_vis_rec/cou_vis_dis.html,22.29042,114.29998,0:00,24:00:00
Country Park Toilet Locations,Toilet (Lau Shui Heung Reservoir Barbecue Site No. 5),Lau Shui Heung Reservoir Barbecue Site No. 5,廁所 (流水響水塘燒烤場地5號),流水響水塘燒烤場地5號,PAT SIN LENG COUNTRY PARK,八仙嶺郊野公園,1823,1823,https://www.afcd.gov.hk/english/country/cou_vis/cou_vis_rec/cou_vis_dis.html,https://www.afcd.gov.hk/tc_chi/country/cou_vis/cou_vis_rec/cou_vis_dis.html,22.49413,114.16839,0:00,24:00:00
Country Park Toilet Locations,Toilet (Fei Ngo Shan Picnic Site No. 3; Junction of Fei Ngo Shan Road and Jat's Incline),Fei Ngo Shan Picnic Site No. 3; Junction of Fei Ngo Shan Road and Jat's Incline,廁所 (飛鵝山郊遊場地三號；飛鵝山道及扎山道 交界),飛鵝山郊遊場地三號；飛鵝山道及扎山道 交界,MA ON SHAN COUNTRY PARK,馬鞍山郊野公園,1823,1823,https://www.afcd.gov.hk/english/country/cou_vis/cou_vis_rec/cou_vis_dis.html,https://www.afcd.gov.hk/tc_chi/country/cou_vis/cou_vis_rec/cou_vis_dis.html,22.35569,114.21439,0:00,24:00:00
Country Park Toilet Locations,Toilet (Pok Fu Lam Reservoir Road; Pok Fu Lam Family Walk),Pok Fu Lam Reservoir Road; Pok Fu Lam Family Walk,廁所 (薄扶林水塘道；薄扶林家樂徑),薄扶林水塘道；薄扶林家樂徑,POK FU LAM COUNTRY PARK,薄扶林郊野公園,1823,1823,https://www.afcd.gov.hk/english/country/cou_vis/cou_vis_rec/cou_vis_dis.html,https://www.afcd.gov.hk/tc_chi/country/cou_vis/cou_vis_rec/cou_vis_dis.html,22.26553,114.13643,0:00,24:00:00
Country Park Toilet Locations,"Toilet (Shing Mun Picnic Site No. 6, Jubilee (Shing Mun) Reservoir, Tai Shing Stream)","Shing Mun Picnic Site No. 6, Jubilee (Shing Mun) Reservoir, Tai Shing Stream",廁所 (大城石澗 城門水塘 城門郊遊場地6號),大城石澗 城門水塘 城門郊遊場地6號,SHING MUN COUNTRY PARK,城門郊野公園,1823,1823,https://www.afcd.gov.hk/english/country/cou_vis/cou_vis_rec/cou_vis_dis.html,https://www.afcd.gov.hk/tc_chi/country/cou_vis/cou_vis_rec/cou_vis_dis.html,22.39568,114.14974,0:00,24:00:00
Country Park Toilet Locations,"Toilet (Pak Fu Tin Barbecue Site, Lantau Trail - Section No. 12)","Pak Fu Tin Barbecue Site, Lantau Trail - Section No. 12",廁所 (鳳凰徑 - 第12段 白富田燒烤場地),鳳凰徑 - 第12段 白富田燒烤場地,LANTAU SOUTH COUNTRY PARK,南大嶼郊野公園,1823,1823,https://www.afcd.gov.hk/english/country/cou_vis/cou_vis_rec/cou_vis_dis.html,https://www.afcd.gov.hk/tc_chi/country/cou_vis/cou_vis_rec/cou_vis_dis.html,22.25308,113.99522,0:00,24:00:00
Country Park Toilet Locations,"Toilet (Near Eagle's Nest Nature Trail, Lung Yan Road)","Near Eagle's Nest Nature Trail, Lung Yan Road",廁所 (龍欣道 近鷹巢山自然教育徑),龍欣道 近鷹巢山自然教育徑,LION ROCK COUNTRY PARK,獅子山郊野公園,1823,1823,https://www.afcd.gov.hk/english/country/cou_vis/cou_vis_rec/cou_vis_dis.html,https://www.afcd.gov.hk/tc_chi/country/cou_vis/cou_vis_rec/cou_vis_dis.html,22.34913,114.16462,0:00,24:00:00
Country Park Toilet Locations,"Toilet (Cheung Sha Catchwater Barbecue Site No.1, Lantau Trail - Section No. 11)","Cheung Sha Barbecue Site No.1, Lantau Trail - Section No. 11",廁所 (鳳凰徑 - 第11段 長沙引水道燒烤場),鳳凰徑 - 第11段 長沙引水道燒烤場地,LANTAU SOUTH COUNTRY PARK,南大嶼郊野公園,1823,1823,https://www.afcd.gov.hk/english/country/cou_vis/cou_vis_rec/cou_vis_dis.html,https://www.afcd.gov.hk/tc_chi/country/cou_vis/cou_vis_rec/cou_vis_dis.html,22.23886,113.94662,0:00,24:00:00
Country Park Toilet Locations,Toilet (Tung Lung Fort Camp Site),Tung Lung Fort Camp Site,廁所 (東龍洲炮台營地),東龍洲炮台營地,TUNG LUNG FORT SPECIAL AREA,東龍洲炮台特別地區,1823,1823,https://www.afcd.gov.hk/english/country/cou_vis/cou_vis_rec/cou_vis_dis.html,https://www.afcd.gov.hk/tc_chi/country/cou_vis/cou_vis_rec/cou_vis_dis.html,22.2559,114.29535,0:00,24:00:00
Country Park Toilet Locations,"Toilet (Lau Shui Heung Irrigation Reservoir, Lau Shui Heung Road)","Lau Shui Heung Irrigation Reservoir, Lau Shui Heung Road",廁所 (流水響道 流水響灌溉水塘),流水響道 流水響灌溉水塘,PAT SIN LENG COUNTRY PARK,八仙嶺郊野公園,1823,1823,https://www.afcd.gov.hk/english/country/cou_vis/cou_vis_rec/cou_vis_dis.html,https://www.afcd.gov.hk/tc_chi/country/cou_vis/cou_vis_rec/cou_vis_dis.html,22.49695,114.16923,0:00,24:00:00
Country Park Toilet Locations,"Toilet (Shek Lam Chau Campsite, Lantau Trail - Section No. 9)","Shek Lam Chau Campsite, Lantau Trail - Section No. 9",廁所 (鳳凰徑 - 第9段 石欖洲營地),鳳凰徑 - 第9段 石欖洲營地,LANTAU SOUTH COUNTRY PARK,南大嶼郊野公園,1823,1823,https://www.afcd.gov.hk/english/country/cou_vis/cou_vis_rec/cou_vis_dis.html,https://www.afcd.gov.hk/tc_chi/country/cou_vis/cou_vis_rec/cou_vis_dis.html,22.2133,113.90331,0:00,24:00:00
Country Park Toilet Locations,Toilet (Pak Tam Chung Picnic Site; Pak Tam Chung Tree Walk),Pak Tam Chung Picnic Site; Pak Tam Chung Tree Walk,廁所 (北潭涌郊遊場地；北潭涌樹木研習徑),北潭涌郊遊場地；北潭涌樹木研習徑,SAI KUNG WEST COUNTRY PARK,西貢西郊野公園,1823,1823,https://www.afcd.gov.hk/english/country/cou_vis/cou_vis_rec/cou_vis_dis.html,https://www.afcd.gov.hk/tc_chi/country/cou_vis/cou_vis_rec/cou_vis_dis.html,22.39695,114.32061,0:00,24:00:00
Country Park Toilet Locations,Toilet (Junction of Pak Tam Road and MacLehose Trail - Section No. 2),Junction of Pak Tam Road and MacLehose Trail - Section No. 2,廁所 (北潭路及麥理浩徑 - 第二段 交界),北潭路及麥理浩徑 - 第二段交界,SAI KUNG EAST COUNTRY PARK,西貢東郊野公園,1823,1823,https://www.afcd.gov.hk/english/country/cou_vis/cou_vis_rec/cou_vis_dis.html,https://www.afcd.gov.hk/tc_chi/country/cou_vis/cou_vis_rec/cou_vis_dis.html,22.42168,114.33246,0:00,24:00:00
Country Park Toilet Locations,Toilet (Tai Mong Tsai Barbecue Site No. 10),Tai Mong Tsai Barbecue Site No. 10,廁所 (大網仔燒烤場地十號),大網仔燒烤場地十號,SAI KUNG EAST COUNTRY PARK,西貢東郊野公園,1823,1823,https://www.afcd.gov.hk/english/country/cou_vis/cou_vis_rec/cou_vis_dis.html,https://www.afcd.gov.hk/tc_chi/country/cou_vis/cou_vis_rec/cou_vis_dis.html,22.38924,114.29924,0:00,24:00:00
Country Park Toilet Locations,Toilet (Long Ke Wan Campsite),Long Ke Wan Campsite,廁所 (浪茄灣營地),浪茄灣營地,SAI KUNG EAST COUNTRY PARK,西貢東郊野公園,1823,1823,https://www.afcd.gov.hk/english/country/cou_vis/cou_vis_rec/cou_vis_dis.html,https://www.afcd.gov.hk/tc_chi/country/cou_vis/cou_vis_rec/cou_vis_dis.html,22.37427,114.37568,0:00,24:00:00
Country Park Toilet Locations,Toilet (Tai Tan Campsite),"Tai Tan Campsite, Pak Tam Road",廁所 (大灘營地),北潭路 大灘營地,SAI KUNG WEST COUNTRY PARK,西貢西郊野公園,1823,1823,https://www.afcd.gov.hk/english/country/cou_vis/cou_vis_rec/cou_vis_dis.html,https://www.afcd.gov.hk/tc_chi/country/cou_vis/cou_vis_rec/cou_vis_dis.html,22.43709,114.33428,0:00,24:00:00
Country Park Toilet Locations,"Toilet (Sai Wan Pavilion, Sai Kung Sai Wan Road)","Sai Wan Pavilion, Sai Kung Sai Wan Road",廁所 (西貢西灣路 西灣亭),西貢西灣路 西灣亭,SAI KUNG EAST COUNTRY PARK,西貢東郊野公園,1823,1823,https://www.afcd.gov.hk/english/country/cou_vis/cou_vis_rec/cou_vis_dis.html,https://www.afcd.gov.hk/tc_chi/country/cou_vis/cou_vis_rec/cou_vis_dis.html,22.39499,114.35987,0:00,24:00:00
Country Park Toilet Locations,"Toilet (High Island Reservoir West Col Dam, Sheung Yiu Country Trail Finishing Point)","High Island Reservoir West Col Dam, Sheung Yiu Country Trail Finishing Point",廁所 (萬宜水庫西副壩；上?郊遊徑 終點),萬宜水庫西副壩；上?郊遊徑 終點,SAI KUNG EAST COUNTRY PARK,西貢東郊野公園,1823,1823,https://www.afcd.gov.hk/english/country/cou_vis/cou_vis_rec/cou_vis_dis.html,https://www.afcd.gov.hk/tc_chi/country/cou_vis/cou_vis_rec/cou_vis_dis.html,22.38131,114.33575,0:00,24:00:00
Country Park Toilet Locations,Toilet (Lau Shui Heung Reservoir Barbecue Site No. 3),Lau Shui Heung Reservoir Barbecue Site No. 3,廁所 (流水響水塘燒烤場地3號),流水響水塘燒烤場地3號,PAT SIN LENG COUNTRY PARK,八仙嶺郊野公園,1823,1823,https://www.afcd.gov.hk/english/country/cou_vis/cou_vis_rec/cou_vis_dis.html,https://www.afcd.gov.hk/tc_chi/country/cou_vis/cou_vis_rec/cou_vis_dis.html,22.49515,114.16976,0:00,24:00:00
Country Park Toilet Locations,"Toilet (Shing Mun Barbecue Site No. 9, Shing Mun Main Dam)","Shing Mun Barbecue Site No. 9, Shing Mun Main Dam",廁所 (城門水塘主壩 城門燒烤場地9號),城門水塘主壩 城門燒烤場地9號,SHING MUN COUNTRY PARK,城門郊野公園,1823,1823,https://www.afcd.gov.hk/english/country/cou_vis/cou_vis_rec/cou_vis_dis.html,https://www.afcd.gov.hk/tc_chi/country/cou_vis/cou_vis_rec/cou_vis_dis.html,22.37829,114.14857,0:00,24:00:00
Country Park Toilet Locations,"Toilet (Shing Mun Picnic Site No. 1, Lung Mun Country Trail Finishing Point)","Shing Mun Picnic Site No. 1, Lung Mun Country Trail Finishing Point",廁所 (龍門郊遊徑終點 城門郊遊場地1號),龍門郊遊徑終點 城門郊遊場地1號,SHING MUN COUNTRY PARK,城門郊野公園,1823,1823,https://www.afcd.gov.hk/english/country/cou_vis/cou_vis_rec/cou_vis_dis.html,https://www.afcd.gov.hk/tc_chi/country/cou_vis/cou_vis_rec/cou_vis_dis.html,22.3866,114.1444,0:00,24:00:00
Country Park Toilet Locations,Toilet (Near Peak Trail - Pinewood Battery Section),Near Peak Trail - Pinewood Battery Section,廁所 (近爐峰自然步道 - 松林砲台段),近爐峰自然步道 - 松林砲台段,LUNG FU SHAN COUNTRY PARK,龍虎山郊野公園,1823,1823,https://www.afcd.gov.hk/english/country/cou_vis/cou_vis_rec/cou_vis_dis.html,https://www.afcd.gov.hk/tc_chi/country/cou_vis/cou_vis_rec/cou_vis_dis.html,22.27948,114.13526,0:00,24:00:00
Country Park Toilet Locations,"Toilet (Hong Kong Trail - Section 2, Pok Fu Lam Country Park)","Hong Kong Trail - Section 2, Pok Fu Lam Country Park",廁所 (薄扶林郊野公園 港島徑 - 第二段),薄扶林郊野公園 港島徑 - 第二段,POK FU LAM COUNTRY PARK,薄扶林郊野公園,1823,1823,https://www.afcd.gov.hk/english/country/cou_vis/cou_vis_rec/cou_vis_dis.html,https://www.afcd.gov.hk/tc_chi/country/cou_vis/cou_vis_rec/cou_vis_dis.html,22.26162,114.14072,0:00,24:00:00
Country Park Toilet Locations,"Toilet (Shing Mun Picnic Site No. 10, Lead Mine Pass)","Shing Mun Picnic Site No. 10, Lead Mine Pass",廁所 (鉛?坳 城門郊遊場地10號),鉛?坳 城門郊遊場地10號,SHING MUN COUNTRY PARK,城門郊野公園,1823,1823,https://www.afcd.gov.hk/english/country/cou_vis/cou_vis_rec/cou_vis_dis.html,https://www.afcd.gov.hk/tc_chi/country/cou_vis/cou_vis_rec/cou_vis_dis.html,22.4121,114.15822,0:00,24:00:00
Country Park Toilet Locations,Toilet (Tai Po Kau Forest Track - Kon Hang Section),Tai Po Kau Forest Track - Kon Hang Section,廁所(大埔滘林道-乾坑段),大埔滘林道-乾坑段,TAI PO KAU NATURE RESERVE,大埔滘自然護理區,1823,1823,https://www.afcd.gov.hk/english/country/cou_vis/cou_vis_rec/cou_vis_dis.html,https://www.afcd.gov.hk/tc_chi/country/cou_vis/cou_vis_rec/cou_vis_dis.html,22.41601,114.18119,0:00,24:00:00
Country Park Toilet Locations,Toilet (Wong Shek Barbecue Site No. 1),Wong Shek Barbecue Site No. 1,廁所 (黃石燒烤場地一號),黃石燒烤場地一號,SAI KUNG EAST COUNTRY PARK,西貢東郊野公園,1823,1823,https://www.afcd.gov.hk/english/country/cou_vis/cou_vis_rec/cou_vis_dis.html,https://www.afcd.gov.hk/tc_chi/country/cou_vis/cou_vis_rec/cou_vis_dis.html,22.43421,114.33668,0:00,24:00:00
Country Park Toilet Locations,"Toilet (Kong Ha Au Barbecue Site, Bride's Pool Road; Wu Kau Tang Country Trail Finishing Point)","Kong Ha Au Barbecue Site, Bride's Pool Road; Wu Kau Tang Country Trail Finishing Point)",廁所 (新娘潭路 降下坳燒烤場地；烏蛟騰郊遊徑 終點),新娘潭路 降下坳燒烤場地；烏蛟騰郊遊徑 終點,PLOVER COVE COUNTRY PARK,船灣郊野公園,1823,1823,https://www.afcd.gov.hk/english/country/cou_vis/cou_vis_rec/cou_vis_dis.html,https://www.afcd.gov.hk/tc_chi/country/cou_vis/cou_vis_rec/cou_vis_dis.html,22.51485,114.23231,0:00,24:00:00
Country Park Toilet Locations,Toilet (Pak Tam Chung Bus Terminus; Sai Kung Country Park Visitor Centre),Pak Tam Chung Bus Terminus; Sai Kung Country Park Visitor Centre,廁所 (北潭涌巴士總站；西貢郊野公園遊客中心),北潭涌巴士總站；西貢郊野公園遊客中心,SAI KUNG WEST COUNTRY PARK,西貢西郊野公園,1823,1823,https://www.afcd.gov.hk/english/country/cou_vis/cou_vis_rec/cou_vis_dis.html,https://www.afcd.gov.hk/tc_chi/country/cou_vis/cou_vis_rec/cou_vis_dis.html,22.39756,114.3191,0:00,24:00:00
Country Park Toilet Locations,Toilet (Quarry Bay Picnic Site No. 5; Wilson Trail - Section No. 2),Quarry Bay Picnic Site No. 5; Wilson Trail - Section No. 2,廁所 (?魚涌郊遊場地5號；衛奕信徑 - 第二段),?魚涌郊遊場地5號；衛奕信徑 - 第二段,TAI TAM (QUARRY BAY EXT.) COUNTRY PARK,大潭(?魚涌擴建部分)郊野公園,1823,1823,https://www.afcd.gov.hk/english/country/cou_vis/cou_vis_rec/cou_vis_dis.html,https://www.afcd.gov.hk/tc_chi/country/cou_vis/cou_vis_rec/cou_vis_dis.html,22.27723,114.21408,0:00,24:00:00
Country Park Toilet Locations,Toilet (Tai Mo Shan Picnic Site No. 5),"Tai Mo Shan Picnic Site No.5, Tai Mo Shan Road",廁所 (大帽山郊遊場地5號),大帽山道 大帽山郊遊場地5號,TAI MO SHAN COUNTRY PARK,大帽山郊野公園,1823,1823,https://www.afcd.gov.hk/english/country/cou_vis/cou_vis_rec/cou_vis_dis.html,https://www.afcd.gov.hk/tc_chi/country/cou_vis/cou_vis_rec/cou_vis_dis.html,22.41166,114.11771,0:00,24:00:00
Country Park Toilet Locations,"Toilet (Near Wilson Trail - Section No. 10 Finishing Point, Nam Chung)","Near Wilson Trail - Section No. 10 Finishing Point, Nam Chung",廁所 (南涌 近衛奕信徑 - 第10段 終點),南涌 近衛奕信徑 - 第10段 終點,PAT SIN LENG COUNTRY PARK,八仙嶺郊野公園,1823,1823,https://www.afcd.gov.hk/english/country/cou_vis/cou_vis_rec/cou_vis_dis.html,https://www.afcd.gov.hk/tc_chi/country/cou_vis/cou_vis_rec/cou_vis_dis.html,22.51417,114.21052,0:00,24:00:00
Country Park Toilet Locations,Toilet (Tsak Yue Wu Barbecue Site No. 2),Tsak Yue Wu Barbecue Site No. 2,廁所 (鯽魚湖燒烤場地二號),鯽魚湖燒烤場地二號,SAI KUNG EAST COUNTRY PARK,西貢東郊野公園,1823,1823,https://www.afcd.gov.hk/english/country/cou_vis/cou_vis_rec/cou_vis_dis.html,https://www.afcd.gov.hk/tc_chi/country/cou_vis/cou_vis_rec/cou_vis_dis.html,22.39898,114.32504,0:00,24:00:00
Country Park Toilet Locations,Toilet (Lau Shui Heung Campsite),Lau Shui Heung Campsite,廁所 (流水響營地),流水響營地,PAT SIN LENG COUNTRY PARK,八仙嶺郊野公園,1823,1823,https://www.afcd.gov.hk/english/country/cou_vis/cou_vis_rec/cou_vis_dis.html,https://www.afcd.gov.hk/tc_chi/country/cou_vis/cou_vis_rec/cou_vis_dis.html,22.4909,114.16734,0:00,24:00:00
Country Park Toilet Locations,"Toilet (Shing Mun Picnic Site No.14, Shing Mun Forest Track - Reservoir Section)","Shing Mun Picnic Site No.14, Shing Mun Forest Track - Reservoir Section",廁所 (城門林道 - 水塘段 城門郊遊場地14號),城門林道 - 水塘段 城門郊遊場地14號,SHING MUN COUNTRY PARK,城門郊野公園,1823,1823,https://www.afcd.gov.hk/english/country/cou_vis/cou_vis_rec/cou_vis_dis.html,https://www.afcd.gov.hk/tc_chi/country/cou_vis/cou_vis_rec/cou_vis_dis.html,22.38977,114.15528,0:00,24:00:00
Country Park Toilet Locations,Toilet (Tai Mo Shan Visitor Centre),Tai Mo Shan Visitor Centre,廁所 (大帽山遊客中心),大帽山遊客中心,TAI MO SHAN COUNTRY PARK,大帽山郊野公園,1823,1823,https://www.afcd.gov.hk/english/country/cou_vis/cou_vis_rec/cou_vis_dis.html,https://www.afcd.gov.hk/tc_chi/country/cou_vis/cou_vis_rec/cou_vis_dis.html,22.40599,114.1065,0:00,24:00:00
Country Park Toilet Locations,Toilet (near Tai Tam Barbecue Site No. 2; Tai Tam Reservoir Road),Near Tai Tam Barbecue Site No. 2; Tai Tam Reservoir Road,廁所 (近大潭燒烤場地2號；大潭水塘道),近大潭燒烤場地2號；大潭水塘道,TAI TAM COUNTRY PARK,大潭郊野公園,1823,1823,https://www.afcd.gov.hk/english/country/cou_vis/cou_vis_rec/cou_vis_dis.html,https://www.afcd.gov.hk/tc_chi/country/cou_vis/cou_vis_rec/cou_vis_dis.html,22.25932,114.20283,0:00,24:00:00
Country Park Toilet Locations,Toilet (Hok Tau Campsite),Hok Tau Campsite,廁所 (鶴藪營地),鶴藪營地,PAT SIN LENG COUNTRY PARK,八仙嶺郊野公園,1823,1823,https://www.afcd.gov.hk/english/country/cou_vis/cou_vis_rec/cou_vis_dis.html,https://www.afcd.gov.hk/tc_chi/country/cou_vis/cou_vis_rec/cou_vis_dis.html,22.49853,114.17821,0:00,24:00:00
Country Park Toilet Locations,Toilet (Lung Fu Shan Country Park),Lung Fu Shan Country Park,廁所 (龍虎山郊野公園),龍虎山郊野公園,LUNG FU SHAN COUNTRY PARK,龍虎山郊野公園,1823,1823,https://www.afcd.gov.hk/english/country/cou_vis/cou_vis_rec/cou_vis_dis.html,https://www.afcd.gov.hk/tc_chi/country/cou_vis/cou_vis_rec/cou_vis_dis.html,22.27632,114.13431,0:00,24:00:00
Country Park Toilet Locations,Toilet (Hung Mui Kuk Barbecue Site),Hung Mui Kuk Barbecue Site,廁所 (紅梅谷燒烤場地),紅梅谷燒烤場地,LION ROCK COUNTRY PARK,獅子山郊野公園,1823,1823,https://www.afcd.gov.hk/english/country/cou_vis/cou_vis_rec/cou_vis_dis.html,https://www.afcd.gov.hk/tc_chi/country/cou_vis/cou_vis_rec/cou_vis_dis.html,22.36394,114.18112,0:00,24:00:00
Country Park Toilet Locations,"Toilet (Shum Wat Picnic Site No. 4, Lantau Trail - Section No. 5)","Shum Wat Picnic Site No. 4, Lantau Trail Section - No. 5",廁所 (鳳凰徑 - 第5段；深屈郊遊場地4號),鳳凰徑 - 第5段；深屈郊遊場地4號,LANTAU SOUTH COUNTRY PARK,南大嶼郊野公園,1823,1823,https://www.afcd.gov.hk/english/country/cou_vis/cou_vis_rec/cou_vis_dis.html,https://www.afcd.gov.hk/tc_chi/country/cou_vis/cou_vis_rec/cou_vis_dis.html,22.24409,113.8915,0:00,24:00:00
Country Park Toilet Locations,Toilet (Shing Mun Kisok),Shing Mun Kisok,廁所 (城門茶水亭),城門茶水亭,SHING MUN COUNTRY PARK,城門郊野公園,1823,1823,https://www.afcd.gov.hk/english/country/cou_vis/cou_vis_rec/cou_vis_dis.html,https://www.afcd.gov.hk/tc_chi/country/cou_vis/cou_vis_rec/cou_vis_dis.html,22.38484,114.14351,0:00,24:00:00
Country Park Toilet Locations,"Toilet (Ham Hang Mei Barbecue Site, Bride's Pool Road; Fung Hang Family Walk Finishing Point)","Ham Hang Mei Barbecue Site, Bride's Pool Road; Fung Hang Family Walk Finishing Point",廁所 (新娘潭路 鹹坑尾燒烤場地；鳳坑家樂徑終點),新娘潭路 鹹坑尾燒烤場地；鳳坑家樂徑終點,PLOVER COVE COUNTRY PARK,船灣郊野公園,1823,1823,https://www.afcd.gov.hk/english/country/cou_vis/cou_vis_rec/cou_vis_dis.html,https://www.afcd.gov.hk/tc_chi/country/cou_vis/cou_vis_rec/cou_vis_dis.html,22.52067,114.22633,0:00,24:00:00
Country Park Toilet Locations,Toilet (Yee Ting Campsite),"Yee Ting Campsite, Pak Tam Road",廁所 (怡庭營地),北潭路 怡庭營地,SAI KUNG WEST COUNTRY PARK,西貢西郊野公園,1823,1823,https://www.afcd.gov.hk/english/country/cou_vis/cou_vis_rec/cou_vis_dis.html,https://www.afcd.gov.hk/tc_chi/country/cou_vis/cou_vis_rec/cou_vis_dis.html,22.40663,114.32561,0:00,24:00:00
Country Park Toilet Locations,"Toilet (Tai Po Kau Nature Reserve Picnic Site No. 4, Tai Po Kau Forest Track - Kau Lead Section)","Tai Po Kau Nature Reserve Picnic Site No. 4, Tai Po Kau Forest Track - Kau Lead Section",廁所(大埔滘林道 - 滘鉛段大埔滘自然護理區郊遊場地4號),大埔滘林道 - 滘鉛段大埔滘自然護理區郊遊場地4號,TAI PO KAU NATURE RESERVE,大埔滘自然護理區,1823,1823,https://www.afcd.gov.hk/english/country/cou_vis/cou_vis_rec/cou_vis_dis.html,https://www.afcd.gov.hk/tc_chi/country/cou_vis/cou_vis_rec/cou_vis_dis.html,22.42047,114.17044,0:00,24:00:00
Country Park Toilet Locations,Toilet (Jat's Incline Morning Walkers Garden),Jat's Incline Morning Walkers Garden,廁所 (扎山道晨運園地),扎山道晨運園地,MA ON SHAN COUNTRY PARK,馬鞍山郊野公園,1823,1823,https://www.afcd.gov.hk/english/country/cou_vis/cou_vis_rec/cou_vis_dis.html,https://www.afcd.gov.hk/tc_chi/country/cou_vis/cou_vis_rec/cou_vis_dis.html,22.33543,114.21899,0:00,24:00:00
Country Park Toilet Locations,Toilet (Shui Long Wo Campsite),Shui Long Wo Campsite,廁所 (水浪窩營地),水浪窩營地,MA ON SHAN COUNTRY PARK,馬鞍山郊野公園,1823,1823,https://www.afcd.gov.hk/english/country/cou_vis/cou_vis_rec/cou_vis_dis.html,https://www.afcd.gov.hk/tc_chi/country/cou_vis/cou_vis_rec/cou_vis_dis.html,22.40272,114.27493,0:00,24:00:00
Country Park Toilet Locations,"Toilet (San Shek Wan Barbecue Site No. 1, Lantau Trail - Section No. 11)","San Shek Wan Barbecue Site No. 1, Lantau Trail - Section No. 11",廁所 (鳳凰徑 - 第11段 ?石灣燒烤場地1號),鳳凰徑 - 第11段 ?石灣燒烤場地1號,LANTAU SOUTH COUNTRY PARK,南大嶼郊野公園,1823,1823,https://www.afcd.gov.hk/english/country/cou_vis/cou_vis_rec/cou_vis_dis.html,https://www.afcd.gov.hk/tc_chi/country/cou_vis/cou_vis_rec/cou_vis_dis.html,22.24273,113.96363,0:00,24:00:00
Country Park Toilet Locations,"Toilet (Bride's Pool Road Barbecue Site No. 19, Sam Tam Lo)","Bride's Pool Road Barbecue Site No. 19, Sam Tam Lo",廁所 (三?籮 新娘潭路燒烤場地19號),三?籮 新娘潭路燒烤場地19號,PAT SIN LENG COUNTRY PARK,八仙嶺郊野公園,1823,1823,https://www.afcd.gov.hk/english/country/cou_vis/cou_vis_rec/cou_vis_dis.html,https://www.afcd.gov.hk/tc_chi/country/cou_vis/cou_vis_rec/cou_vis_dis.html,22.50583,114.23413,0:00,24:00:00
Country Park Toilet Locations,"Toilet (Tai Mong Tsai Barbecue Site No. 8, Tso Wo Hang Pier)","Tai Mong Tsai Barbecue Site No. 8, Tso Wo Hang Pier",廁所 (早禾坑碼頭 大網仔燒烤場地八號),早禾坑碼頭 大網仔燒烤場地八號,SAI KUNG WEST COUNTRY PARK,西貢西郊野公園,1823,1823,https://www.afcd.gov.hk/english/country/cou_vis/cou_vis_rec/cou_vis_dis.html,https://www.afcd.gov.hk/tc_chi/country/cou_vis/cou_vis_rec/cou_vis_dis.html,22.39205,114.28948,0:00,24:00:00
Country Park Toilet Locations,"Toilet (Plover Cove Country Park Tai Mei Tuk Management Centre, Bride's Pool Road)","Plover Cove Country Park Tai Mei Tuk Management Centre, Bride's Pool Road",廁所 (新娘潭路 船灣郊野公園大美督管理站),新娘潭路 船灣郊野公園大美督管理站,PAT SIN LENG COUNTRY PARK,八仙嶺郊野公園,1823,1823,https://www.afcd.gov.hk/english/country/cou_vis/cou_vis_rec/cou_vis_dis.html,https://www.afcd.gov.hk/tc_chi/country/cou_vis/cou_vis_rec/cou_vis_dis.html,22.47631,114.23607,0:00,24:00:00
Country Park Toilet Locations,Toilet (Cheung Yuen Road Junction),Cheung Yuen Road Junction,廁所 (長源路口),長源路口,KAM SHAN COUNTRY PARK,金山郊野公園,1823,1823,https://www.afcd.gov.hk/english/country/cou_vis/cou_vis_rec/cou_vis_dis.html,https://www.afcd.gov.hk/tc_chi/country/cou_vis/cou_vis_rec/cou_vis_dis.html,22.34891,114.15259,0:00,24:00:00
Country Park Toilet Locations,Toilet (Sai Sha Road Barbecue Site No. 5),Sai Sha Road Barbecue Site No. 5,廁所 (西沙路燒烤場地五號),西沙路燒烤場地五號,SAI KUNG WEST COUNTRY PARK,西貢西郊野公園,1823,1823,https://www.afcd.gov.hk/english/country/cou_vis/cou_vis_rec/cou_vis_dis.html,https://www.afcd.gov.hk/tc_chi/country/cou_vis/cou_vis_rec/cou_vis_dis.html,22.40513,114.2793,0:00,24:00:00
Country Park Toilet Locations,"Toilet (Hok Tau Reservoir Barbecue Site No. 6, Hok Tau Wai, Hok Tau Road)","Hok Tau Reservoir Barbecue Site No. 6, Hok Tau Road",廁所 (鶴藪道 鶴藪圍 鶴藪水塘燒烤場地6號),鶴藪道 鶴藪圍 鶴藪水塘燒烤場地6號,PAT SIN LENG COUNTRY PARK,八仙嶺郊野公園,1823,1823,https://www.afcd.gov.hk/english/country/cou_vis/cou_vis_rec/cou_vis_dis.html,https://www.afcd.gov.hk/tc_chi/country/cou_vis/cou_vis_rec/cou_vis_dis.html,22.50376,114.17299,0:00,24:00:00
Country Park Toilet Locations,Toilet (Pak Tam Au Campsite),Pak Tam Au Campsite,廁所 (北潭凹營地),北潭凹營地,SAI KUNG EAST COUNTRY PARK,西貢東郊野公園,1823,1823,https://www.afcd.gov.hk/english/country/cou_vis/cou_vis_rec/cou_vis_dis.html,https://www.afcd.gov.hk/tc_chi/country/cou_vis/cou_vis_rec/cou_vis_dis.html,22.42297,114.33585,0:00,24:00:00
Country Park Toilet Locations,"Toilet (Chung Pui Barbecue Site, Chung Pui Tree Walk)","Chung Pui Barbecue Site, Chung Pui Tree Walk",廁所 (涌背燒烤場地；涌背樹木研習徑),涌背燒烤場地；涌背樹木研習徑,PAT SIN LENG COUNTRY PARK,八仙嶺郊野公園,1823,1823,https://www.afcd.gov.hk/english/country/cou_vis/cou_vis_rec/cou_vis_dis.html,https://www.afcd.gov.hk/tc_chi/country/cou_vis/cou_vis_rec/cou_vis_dis.html,22.48798,114.24216,0:00,24:00:00
Country Park Toilet Locations,"Toilet (Tai Long Wan Campsite, Lantau)","Tai Long Wan Campsite, Lantau",廁所 (大嶼山 大浪灣營地),大嶼山 大浪灣營地,LANTAU SOUTH COUNTRY PARK,南大嶼郊野公園,1823,1823,https://www.afcd.gov.hk/english/country/cou_vis/cou_vis_rec/cou_vis_dis.html,https://www.afcd.gov.hk/tc_chi/country/cou_vis/cou_vis_rec/cou_vis_dis.html,22.21352,113.8779,0:00,24:00:00
Country Park Toilet Locations,"Toilet (Tai Po Kau Nature Reserve Picnic Site No. 1, Tai Po Kau Nature Trail Finishing Point)","Tai Po Kau Nature Reserve Picnic Site No. 1, Tai Po Kau Nature Trail Finishing Point",廁所 (大埔滘自然教育徑 終點 大埔滘自然護理區郊遊場地1號),大埔滘自然教育徑 終點 大埔滘自然護理區郊遊場地1號,TAI PO KAU NATURE RESERVE,大埔滘自然護理區,1823,1823,https://www.afcd.gov.hk/english/country/cou_vis/cou_vis_rec/cou_vis_dis.html,https://www.afcd.gov.hk/tc_chi/country/cou_vis/cou_vis_rec/cou_vis_dis.html,22.42852,114.18098,0:00,24:00:00
Country Park Toilet Locations,Toilet (Pak Tam Chung P.H.A.B. Site),Pak Tam Chung P.H.A.B. Site,廁所 (北潭涌傷健樂園),北潭涌傷健樂園,SAI KUNG WEST COUNTRY PARK,西貢西郊野公園,1823,1823,https://www.afcd.gov.hk/english/country/cou_vis/cou_vis_rec/cou_vis_dis.html,https://www.afcd.gov.hk/tc_chi/country/cou_vis/cou_vis_rec/cou_vis_dis.html,22.39729,114.32052,0:00,24:00:00
Country Park Toilet Locations,"Toilet (Shing Mun Barbecue Site No. 3, Shing Mun Road)","Shing Mun Barbecue Site No. 3, Shing Mun Road",廁所 (城門道 城門燒烤場地3號),城門道 城門燒烤場地3號,SHING MUN COUNTRY PARK,城門郊野公園,1823,1823,https://www.afcd.gov.hk/english/country/cou_vis/cou_vis_rec/cou_vis_dis.html,https://www.afcd.gov.hk/tc_chi/country/cou_vis/cou_vis_rec/cou_vis_dis.html,22.37912,114.14317,0:00,24:00:00
Country Park Toilet Locations,Toilet (Aberdeen P.H.A.B. Barbecue Site; Aberdeen Country Park Entrance),Aberdeen P.H.A.B. Barbecue Site; Aberdeen Country Park Entrance,廁所 (香港仔傷健樂園燒烤場地；香港仔郊野公園 入口),香港仔傷健樂園燒烤場地；香港仔郊野公園 入口,ABERDEEN COUNTRY PARK,香港仔郊野公園,1823,1823,https://www.afcd.gov.hk/english/country/cou_vis/cou_vis_rec/cou_vis_dis.html,https://www.afcd.gov.hk/tc_chi/country/cou_vis/cou_vis_rec/cou_vis_dis.html,22.25417,114.15945,0:00,24:00:00
Country Park Toilet Locations,Toilet (Hau Tong Kai Campsite),Hau Tong Kai Campsite,廁所 (猴塘溪營地),猴塘溪營地,SAI KUNG WEST COUNTRY PARK,西貢西郊野公園,1823,1823,https://www.afcd.gov.hk/english/country/cou_vis/cou_vis_rec/cou_vis_dis.html,https://www.afcd.gov.hk/tc_chi/country/cou_vis/cou_vis_rec/cou_vis_dis.html,22.44144,114.32755,0:00,24:00:00
Country Park Toilet Locations,Toilet (Ma On Shan Barbecue Site),Ma On Shan Barbecue Site,廁所 (馬鞍山燒烤場地),馬鞍山燒烤場地,MA ON SHAN COUNTRY PARK,馬鞍山郊野公園,1823,1823,https://www.afcd.gov.hk/english/country/cou_vis/cou_vis_rec/cou_vis_dis.html,https://www.afcd.gov.hk/tc_chi/country/cou_vis/cou_vis_rec/cou_vis_dis.html,22.40833,114.23756,0:00,24:00:00
Country Park Toilet Locations,Toilet (Near Shui Chuen O Estate),Near Shui Chuen O Estate,廁所 (近水泉澳?),近水泉澳?,MA ON SHAN COUNTRY PARK,馬鞍山郊野公園,1823,1823,https://www.afcd.gov.hk/english/country/cou_vis/cou_vis_rec/cou_vis_dis.html,https://www.afcd.gov.hk/tc_chi/country/cou_vis/cou_vis_rec/cou_vis_dis.html,22.37021,114.19665,0:00,24:00:00
Country Park Toilet Locations,Toilet (Tai Mong Tsai Barbecue Site No. 14),Tai Mong Tsai Barbecue Site No. 14,廁所 (大網仔燒烤場地十四號),大網仔燒烤場地十四號,SAI KUNG WEST COUNTRY PARK,西貢西郊野公園,1823,1823,https://www.afcd.gov.hk/english/country/cou_vis/cou_vis_rec/cou_vis_dis.html,https://www.afcd.gov.hk/tc_chi/country/cou_vis/cou_vis_rec/cou_vis_dis.html,22.38611,114.30544,0:00,24:00:00
Country Park Toilet Locations,Toilet (Mount Parker Road Barbecue Site 4; Quarry Gap (Tai Fung Au)),Mount Parker Road Barbecue Site 4; Quarry Gap (Tai Fung Au),廁所 (柏架山道燒烤場地4號；大風坳),柏架山道燒烤場地4號；大風坳,TAI TAM (QUARRY BAY EXT.) COUNTRY PARK,大潭(?魚涌擴建部分)郊野公園,1823,1823,https://www.afcd.gov.hk/english/country/cou_vis/cou_vis_rec/cou_vis_dis.html,https://www.afcd.gov.hk/tc_chi/country/cou_vis/cou_vis_rec/cou_vis_dis.html,22.26695,114.21359,0:00,24:00:00
Country Park Toilet Locations,Toilet (Nga Ying Kok Campsite),Nga Ying Kok Campsite,廁所 (牙鷹角營地),牙鷹角營地,LANTAU NORTH COUNTRY PARK,北大嶼郊野公園,1823,1823,https://www.afcd.gov.hk/english/country/cou_vis/cou_vis_rec/cou_vis_dis.html,https://www.afcd.gov.hk/tc_chi/country/cou_vis/cou_vis_rec/cou_vis_dis.html,22.23857,113.85287,0:00,24:00:00
Country Park Toilet Locations,"Toilet (Picnic Site No. 12, Golden Hill Road )","Picnic Site No. 12, Golden Hill Road",廁所 (金山路 郊遊場地12號),金山路 郊遊場地12號,KAM SHAN COUNTRY PARK,金山郊野公園,1823,1823,https://www.afcd.gov.hk/english/country/cou_vis/cou_vis_rec/cou_vis_dis.html,https://www.afcd.gov.hk/tc_chi/country/cou_vis/cou_vis_rec/cou_vis_dis.html,22.36571,114.15069,0:00,24:00:00
Country Park Toilet Locations,Toilet (Man Cheung Po Campsite),Man Cheung Po Campsite,廁所 (萬丈布營地),萬丈布營地,LANTAU SOUTH COUNTRY PARK,南大嶼郊野公園,1823,1823,https://www.afcd.gov.hk/english/country/cou_vis/cou_vis_rec/cou_vis_dis.html,https://www.afcd.gov.hk/tc_chi/country/cou_vis/cou_vis_rec/cou_vis_dis.html,22.23065,113.86627,0:00,24:00:00
Country Park Toilet Locations,Toilet (Tai Po Kau Forest Walks),Tai Po Kau Forest Walks,廁所(大埔滘林徑),大埔滘林徑,TAI PO KAU NATURE RESERVE,大埔滘自然護理區,1823,1823,https://www.afcd.gov.hk/english/country/cou_vis/cou_vis_rec/cou_vis_dis.html,https://www.afcd.gov.hk/tc_chi/country/cou_vis/cou_vis_rec/cou_vis_dis.html,22.43018,114.17567,0:00,24:00:00
Country Park Toilet Locations,"Toilet (Tai Mo Shan Kisok, Rotary Park)","Tai Mo Shan Kisok, Rotary Park",廁所 (扶輪公園 大帽山茶水亭),扶輪公園 大帽山茶水亭,TAI MO SHAN COUNTRY PARK,大帽山郊野公園,1823,1823,https://www.afcd.gov.hk/english/country/cou_vis/cou_vis_rec/cou_vis_dis.html,https://www.afcd.gov.hk/tc_chi/country/cou_vis/cou_vis_rec/cou_vis_dis.html,22.40506,114.10582,0:00,24:00:00
Country Park Toilet Locations,"Toilet (Bride's Pool Nature Trail, Bride's Pool Road)","Bride's Pool Nature Trail, Bride's Pool Road",廁所 (新娘潭路 新娘潭自然教育徑),新娘潭路 新娘潭自然教育徑,PAT SIN LENG COUNTRY PARK,八仙嶺郊野公園,1823,1823,https://www.afcd.gov.hk/english/country/cou_vis/cou_vis_rec/cou_vis_dis.html,https://www.afcd.gov.hk/tc_chi/country/cou_vis/cou_vis_rec/cou_vis_dis.html,22.50239,114.23722,0:00,24:00:00
Country Park Toilet Locations,"Toilet (Kowloon Reservoir Barbecue Site No. 3, Tai Po Road)","Kowloon Reservoir Barbecue Site No. 3, Tai Po Road",廁所 (大埔道 九龍水塘燒烤場地3號),大埔道 九龍水塘燒烤場地3號,KAM SHAN COUNTRY PARK,金山郊野公園,1823,1823,https://www.afcd.gov.hk/english/country/cou_vis/cou_vis_rec/cou_vis_dis.html,https://www.afcd.gov.hk/tc_chi/country/cou_vis/cou_vis_rec/cou_vis_dis.html,22.35335,114.15621,0:00,24:00:00
Country Park Toilet Locations,"Toilet (Eastern end of Main Dam, Plover Cove Reservoir Country Trail Finishing Point)","Eastern end of Main Dam, Plover Cove Reservoir Country Trail Finishing Point",廁所 (船灣淡水湖郊遊徑終點 主壩東端),船灣淡水湖郊遊徑終點 主壩東端,PLOVER COVE COUNTRY PARK,船灣郊野公園,1823,1823,https://www.afcd.gov.hk/english/country/cou_vis/cou_vis_rec/cou_vis_dis.html,https://www.afcd.gov.hk/tc_chi/country/cou_vis/cou_vis_rec/cou_vis_dis.html,22.4549,114.24813,0:00,24:00:00
Country Park Toilet Locations,Toilet (Tung Ping Chau Campsite）,Tung Ping Chau Campsite,廁所 (東平洲營地),東平洲營地,PLOVER COVE (EXTENSION) COUNTRY PARK,船灣郊野公園(擴建部分),1823,1823,https://www.afcd.gov.hk/english/country/cou_vis/cou_vis_rec/cou_vis_dis.html,https://www.afcd.gov.hk/tc_chi/country/cou_vis/cou_vis_rec/cou_vis_dis.html,22.54128,114.44077,0:00,24:00:00
Country Park Toilet Locations,Toilet (Mount Parker Road Barbecue Site 1; Mount Parker Road),Mount Parker Road Barbecue Site 1; Mount Parker Road,廁所 (柏架山道燒烤場地1號；柏架山道),柏架山道燒烤場地1號；柏架山道,TAI TAM (QUARRY BAY EXT.) COUNTRY PARK,大潭(?魚涌擴建部分)郊野公園,1823,1823,https://www.afcd.gov.hk/english/country/cou_vis/cou_vis_rec/cou_vis_dis.html,https://www.afcd.gov.hk/tc_chi/country/cou_vis/cou_vis_rec/cou_vis_dis.html,22.27794,114.20941,0:00,24:00:00
Country Park Toilet Locations,"Toilet (Clear Water Bay Management Centre,Tai Hang Tun)","Clear Water Bay Management Centre,Tai Hang Tun",廁所 (大坑墩 清水灣管理站),大坑墩 清水灣管理站,CLEAR WATER BAY COUNTRY PARK,清水灣郊野公園,1823,1823,https://www.afcd.gov.hk/english/country/cou_vis/cou_vis_rec/cou_vis_dis.html,https://www.afcd.gov.hk/tc_chi/country/cou_vis/cou_vis_rec/cou_vis_dis.html,22.2914,114.30101,0:00,24:00:00
Country Park Toilet Locations,Toilet (Pak A; MacLehose Trail - Section No. 1),Pak A; MacLehose Trail - Section No. 1,廁所 (北丫；麥理浩徑 - 第一段),北丫；麥理浩徑 - 第一段,SAI KUNG EAST COUNTRY PARK,西貢東郊野公園,1823,1823,https://www.afcd.gov.hk/english/country/cou_vis/cou_vis_rec/cou_vis_dis.html,https://www.afcd.gov.hk/tc_chi/country/cou_vis/cou_vis_rec/cou_vis_dis.html,22.3626,114.3496,0:00,24:00:00
Country Park Toilet Locations,"Toilet (Shing Mun Barbecue Site No. 5, Shing Mun Road)","Shing Mun Barbecue Site No. 5, Shing Mun Road",廁所 (城門道 城門燒烤場地5號),城門道 城門燒烤場地5號,SHING MUN COUNTRY PARK,城門郊野公園,1823,1823,https://www.afcd.gov.hk/english/country/cou_vis/cou_vis_rec/cou_vis_dis.html,https://www.afcd.gov.hk/tc_chi/country/cou_vis/cou_vis_rec/cou_vis_dis.html,22.37787,114.14429,0:00,24:00:00
Country Park Toilet Locations,Toilet (Near Hong Kong Parkview; Tai Tam Reservoir Road),Near Hong Kong Parkview; Tai Tam Reservoir Road,廁所 (近陽明山莊；大潭水塘道),近陽明山莊；大潭水塘道,TAI TAM COUNTRY PARK,大潭郊野公園,1823,1823,https://www.afcd.gov.hk/english/country/cou_vis/cou_vis_rec/cou_vis_dis.html,https://www.afcd.gov.hk/tc_chi/country/cou_vis/cou_vis_rec/cou_vis_dis.html,22.25821,114.19827,0:00,24:00:00
Country Park Toilet Locations,"Toilet (Kowloon Baywash Reservoir Barbecue Site, Cheung Yuen Road)","Kowloon Baywash Reservoir Barbecue Site, Cheung Yuen Road",廁所 (長源路 九龍副水塘燒烤場地),長源路 九龍副水塘燒烤場地,KAM SHAN COUNTRY PARK,金山郊野公園,1823,1823,https://www.afcd.gov.hk/english/country/cou_vis/cou_vis_rec/cou_vis_dis.html,https://www.afcd.gov.hk/tc_chi/country/cou_vis/cou_vis_rec/cou_vis_dis.html,22.34832,114.15004,0:00,24:00:00
Country Park Toilet Locations,Toilet (Tai Mong Tsai Barbecue Site No. 4; Junction of Sai Sha Road and Tai Mong Tsai Road),Tai Mong Tsai Barbecue Site No. 4; Junction of Sai Sha Road and Tai Mong Tsai Road,廁所 (大網仔燒烤場地四號；西沙路及大網仔路 交界),大網仔燒烤場地四號；西沙路及大網仔路 交界,SAI KUNG WEST COUNTRY PARK,西貢西郊野公園,1823,1823,https://www.afcd.gov.hk/english/country/cou_vis/cou_vis_rec/cou_vis_dis.html,https://www.afcd.gov.hk/tc_chi/country/cou_vis/cou_vis_rec/cou_vis_dis.html,22.39608,114.28434,0:00,24:00:00
Country Park Toilet Locations,"Toilet (Nam Shan Barbecue Site No. 1, Nam Shan Tree Walk Start Point)","Nam Shan Barbecue Site No. 1, Nam Shan Tree Walk Start Point",廁所 (南山燒烤場地1號；南山樹木研習徑 起點),南山燒烤場地1號；南山樹木研習徑 起點,LANTAU NORTH COUNTRY PARK,北大嶼郊野公園,1823,1823,https://www.afcd.gov.hk/english/country/cou_vis/cou_vis_rec/cou_vis_dis.html,https://www.afcd.gov.hk/tc_chi/country/cou_vis/cou_vis_rec/cou_vis_dis.html,22.25629,113.98843,0:00,24:00:00
Country Park Toilet Locations,Toilet (Pak Tam Chung Barbecue Site No. 3; Pak Tam Chung Family Walk Starting Point),Pak Tam Chung Barbecue Site No. 3; Pak Tam Chung Family Walk Starting Point,廁所 (北潭涌燒烤場地三號；北潭涌家樂徑 起點),北潭涌燒烤場地三號；北潭涌家樂徑 起點,SAI KUNG WEST COUNTRY PARK,西貢西郊野公園,1823,1823,https://www.afcd.gov.hk/english/country/cou_vis/cou_vis_rec/cou_vis_dis.html,https://www.afcd.gov.hk/tc_chi/country/cou_vis/cou_vis_rec/cou_vis_dis.html,22.39925,114.31884,0:00,24:00:00
Country Park Toilet Locations,"Toilet (Halfway along MacLehose Trail - Section No. 10, Pak Shek Hang)","Halfway along MacLehose Trail - Section No. 10, Pak Shek Hang",廁所(白石坑 麥理浩徑 - 第十段 中間位),白石坑 麥理浩徑 - 第十段 中間位,TAI LAM COUNTRY PARK,大欖郊野公園,1823,1823,https://www.afcd.gov.hk/english/country/cou_vis/cou_vis_rec/cou_vis_dis.html,https://www.afcd.gov.hk/tc_chi/country/cou_vis/cou_vis_rec/cou_vis_dis.html,22.3823,114.01702,0:00,24:00:00
Country Park Toilet Locations,"Toilet (Tuen Mun Fitness Trail, Near Hin Fat Lane)","Tuen Mun Fitness Trail, Near Hin Fat Lane",廁所(屯門健身徑；近顯發里),屯門健身徑；近顯發里,TAI LAM COUNTRY PARK,大欖郊野公園,1823,1823,https://www.afcd.gov.hk/english/country/cou_vis/cou_vis_rec/cou_vis_dis.html,https://www.afcd.gov.hk/tc_chi/country/cou_vis/cou_vis_rec/cou_vis_dis.html,22.38894,113.98315,0:00,24:00:00
Country Park Toilet Locations,"Toilet (Sham Tseng Barbecue Site No. 2, Near Tai Lam Nature Trail Finishing Point)","Sham Tseng Barbecue Site No. 2, Near Tai Lam Nature Trail Finishing Point",廁所(深井燒烤場地2號；近大欖自然教育徑終點),深井燒烤場地2號；近大欖自然教育徑終點,TAI LAM COUNTRY PARK,大欖郊野公園,1823,1823,https://www.afcd.gov.hk/english/country/cou_vis/cou_vis_rec/cou_vis_dis.html,https://www.afcd.gov.hk/tc_chi/country/cou_vis/cou_vis_rec/cou_vis_dis.html,22.36972,114.05068,0:00,24:00:00
Country Park Toilet Locations,"Toilet (Halfway along MacLehose Trail Section No. 10, near Wong Nai Tun Irrigation Reservoir)","Halfway along MacLehose Trail Section No. 10, near Wong Nai Tun Irrigation Reservoir",廁所(近黃泥墩灌溉水塘；麥理浩徑 - 第十段 中間位),近黃泥墩灌溉水塘；麥理浩徑 - 第十段 中間位,TAI LAM COUNTRY PARK,大欖郊野公園,1823,1823,https://www.afcd.gov.hk/english/country/cou_vis/cou_vis_rec/cou_vis_dis.html,https://www.afcd.gov.hk/tc_chi/country/cou_vis/cou_vis_rec/cou_vis_dis.html,22.39195,114.0206,0:00,24:00:00
Country Park Toilet Locations,"Toilet (Near Sham Tseng Picnic Site No. 7, So Kwun Wat)","Near Sham Tseng Picnic Site No. 7, So Kwun Wat",廁所(掃管笏 近深井郊遊場地7號),掃管笏 近深井郊遊場7號,TAI LAM COUNTRY PARK,大欖郊野公園,1823,1823,https://www.afcd.gov.hk/english/country/cou_vis/cou_vis_rec/cou_vis_dis.html,https://www.afcd.gov.hk/tc_chi/country/cou_vis/cou_vis_rec/cou_vis_dis.html,22.37813,113.99486,0:00,24:00:00
Country Park Toilet Locations,"Toilet (Fu Tei Barbecue Site No. 1, near Fu Tei Road)","Fu Tei Barbecue Site No. 1, near Fu Tei Road",廁所(近富地路 虎地燒烤場地1號 ),近富地路 虎地燒烤場地1號,TAI LAM COUNTRY PARK,大欖郊野公園,1823,1823,https://www.afcd.gov.hk/english/country/cou_vis/cou_vis_rec/cou_vis_dis.html,https://www.afcd.gov.hk/tc_chi/country/cou_vis/cou_vis_rec/cou_vis_dis.html,22.40696,113.98858,0:00,24:00:00
Country Park Toilet Locations,"Toilet (Sham Tseng Barbecue Site No. 1, Sham Tseng Settlement Basin)","Sham Tseng Barbecue Site No. 1, Sham Tseng Settlement Basin",廁所(深井沉澱塘 深井燒烤場地1號),深井沉澱塘 深井燒烤場地1號,TAI LAM COUNTRY PARK,大欖郊野公園,1823,1823,https://www.afcd.gov.hk/english/country/cou_vis/cou_vis_rec/cou_vis_dis.html,https://www.afcd.gov.hk/tc_chi/country/cou_vis/cou_vis_rec/cou_vis_dis.html,22.37146,114.05373,0:00,24:00:00
Country Park Toilet Locations,Toilet (Yung Shue O Picnic Site),Yung Shue O Picnic Site,廁所 (榕樹澳郊遊場地),榕樹澳郊遊場地,SAI KUNG WEST COUNTRY PARK,西貢西郊野公園,1823,1823,https://www.afcd.gov.hk/english/country/cou_vis/cou_vis_rec/cou_vis_dis.html,https://www.afcd.gov.hk/tc_chi/country/cou_vis/cou_vis_rec/cou_vis_dis.html,22.41634,114.27582,0:00,24:00:00
Country Park Toilet Locations,Toilet (Yuen Ng Fan (Nam Fung Wan) Campsite),Yuen Ng Fan (Nam Fung Wan) Campsite,廁所 (南風灣營地),南風灣營地,SAI KUNG EAST COUNTRY PARK,西貢東郊野公園,1823,1823,https://www.afcd.gov.hk/english/country/cou_vis/cou_vis_rec/cou_vis_dis.html,https://www.afcd.gov.hk/tc_chi/country/cou_vis/cou_vis_rec/cou_vis_dis.html,22.37752,114.33219,0:00,24:00:00
Country Park Toilet Locations,"Toilet (Sham Tseng Picnic Site No. 3, Sham Tseng Settlement Basin)","Sham Tseng Picnic Site No. 3, Sham Tseng Settlement Basin",廁所(深井沉澱塘 深井郊遊場3號),深井沉澱塘 深井郊遊場3號,TAI LAM COUNTRY PARK,大欖郊野公園,1823,1823,https://www.afcd.gov.hk/english/country/cou_vis/cou_vis_rec/cou_vis_dis.html,https://www.afcd.gov.hk/tc_chi/country/cou_vis/cou_vis_rec/cou_vis_dis.html,22.37195,114.04922,0:00,24:00:00
Country Park Toilet Locations,Toilet (Junction of Tai Lam Nature Trail and Siu Lam Mountain Bike Trail),Junction of Tai Lam Nature Trail and Siu Lam Mountain Bike Trail,廁所(大欖自然教育徑 及 小欖越野單車徑 交界),大欖自然教育徑 及 小欖越野單車徑 交界,TAI LAM COUNTRY PARK,大欖郊野公園,1823,1823,https://www.afcd.gov.hk/english/country/cou_vis/cou_vis_rec/cou_vis_dis.html,https://www.afcd.gov.hk/tc_chi/country/cou_vis/cou_vis_rec/cou_vis_dis.html,22.38747,114.0416,0:00,24:00:00
Country Park Toilet Locations,"Toilet (Tai Tong Barbecue Site No. 1, Tai Tong Shan Road)","Tai Tong Barbecue Site No. 1, Tai Tong Shan Road",廁所(大棠山道 大棠燒烤場地1號),大棠山道 大棠燒烤場地1號,TAI LAM COUNTRY PARK,大欖郊野公園,1823,1823,https://www.afcd.gov.hk/english/country/cou_vis/cou_vis_rec/cou_vis_dis.html,https://www.afcd.gov.hk/tc_chi/country/cou_vis/cou_vis_rec/cou_vis_dis.html,22.40975,114.03283,0:00,24:00:00
Country Park Toilet Locations,Toilet (Sham Tseng Picnic Site No. 6; Halfway along Tai Lam Nature Trail),Sham Tseng Picnic Site No. 6; Halfway along Tai Lam Nature Trail,廁所(深井郊遊場地6號；大欖自然教育徑 中間位),深井郊遊場地6號；大欖自然教育徑 中間位,TAI LAM COUNTRY PARK,大欖郊野公園,1823,1823,https://www.afcd.gov.hk/english/country/cou_vis/cou_vis_rec/cou_vis_dis.html,https://www.afcd.gov.hk/tc_chi/country/cou_vis/cou_vis_rec/cou_vis_dis.html,22.38065,114.0476,0:00,24:00:00
Country Park Toilet Locations,"Toilet (Tai Tong Barbecue Site No. 1 Kiosk, Tai Tong Shan Road)","Tai Tong Barbecue Site No. 1 Kiosk, Tai Tong Shan Road",廁所(大棠山道 大棠燒烤場地1號小食亭),大棠山道 大棠燒烤場地1號小食亭,TAI LAM COUNTRY PARK,大欖郊野公園,1823,1823,https://www.afcd.gov.hk/english/country/cou_vis/cou_vis_rec/cou_vis_dis.html,https://www.afcd.gov.hk/tc_chi/country/cou_vis/cou_vis_rec/cou_vis_dis.html,22.40948,114.03139,0:00,24:00:00
Country Park Toilet Locations,"Toilet (Tai Tong Barbecue Site No. 6, Tai Tong Shan Road)","Tai Tong Barbecue Site No. 6, Tai Tong Shan Road",廁所(大棠山道 大棠燒烤場地6號),大棠山道 大棠燒烤場地6號,TAI LAM COUNTRY PARK,大欖郊野公園,1823,1823,https://www.afcd.gov.hk/english/country/cou_vis/cou_vis_rec/cou_vis_dis.html,https://www.afcd.gov.hk/tc_chi/country/cou_vis/cou_vis_rec/cou_vis_dis.html,22.40752,114.03539,0:00,24:00:00
Country Park Toilet Locations,Toilet (Tai Tong Nature Trail Starting Point; Halfway along MacLehose Trail - Section No. 10),Tai Tong Nature Trail Starting Point; Halfway along MacLehose Trail - Section No. 10,廁所(大欖自然教育徑 起點；麥理浩徑 - 第十段 中間位),大欖自然教育徑 起點；麥理浩徑 - 第十段 中間位,TAI LAM COUNTRY PARK,大欖郊野公園,1823,1823,https://www.afcd.gov.hk/english/country/cou_vis/cou_vis_rec/cou_vis_dis.html,https://www.afcd.gov.hk/tc_chi/country/cou_vis/cou_vis_rec/cou_vis_dis.html,22.39936,114.03465,0:00,24:00:00
Country Park Toilet Locations,"Toilet (Tai Lam Chung Country Trail Starting Point, Ma On Kong)","Tai Lam Chung Country Trail Starting Point, Ma On Kong",廁所(馬鞍崗 大欖涌郊遊徑 起點),馬鞍崗 大欖涌郊遊徑 起點,TAI LAM COUNTRY PARK,大欖郊野公園,1823,1823,https://www.afcd.gov.hk/english/country/cou_vis/cou_vis_rec/cou_vis_dis.html,https://www.afcd.gov.hk/tc_chi/country/cou_vis/cou_vis_rec/cou_vis_dis.html,22.42031,114.06201,0:00,24:00:00
Country Park Toilet Locations,"Toilet (Tai Tong Picnic Site No. 2, Tai Tong Nature Trail)","Tai Tong Picnic Site No. 2, Tai Tong Nature Trail",廁所(大棠郊遊場地2號；大欖自然教育徑),大棠郊遊場地2號；大欖自然教育徑,TAI LAM COUNTRY PARK,大欖郊野公園,1823,1823,https://www.afcd.gov.hk/english/country/cou_vis/cou_vis_rec/cou_vis_dis.html,https://www.afcd.gov.hk/tc_chi/country/cou_vis/cou_vis_rec/cou_vis_dis.html,22.39641,114.04611,0:00,24:00:00
Country Park Toilet Locations,"Toilet (Shek Kong Barbecue Site No. 3, Kap Lung)","Shek Kong Barbecue Site No. 3, Kap Lung",廁所(甲龍 石崗燒烤場地3號),甲龍 石崗燒烤場地3號,TAI LAM COUNTRY PARK,大欖郊野公園,1823,1823,https://www.afcd.gov.hk/english/country/cou_vis/cou_vis_rec/cou_vis_dis.html,https://www.afcd.gov.hk/tc_chi/country/cou_vis/cou_vis_rec/cou_vis_dis.html,22.42272,114.10409,0:00,24:00:00
Country Park Toilet Locations,Toilet (Tin Fu Tsai Campsite),Tin Fu Tsai Campsite,廁所(田夫仔營地),田夫仔營地,TAI LAM COUNTRY PARK,大欖郊野公園,1823,1823,https://www.afcd.gov.hk/english/country/cou_vis/cou_vis_rec/cou_vis_dis.html,https://www.afcd.gov.hk/tc_chi/country/cou_vis/cou_vis_rec/cou_vis_dis.html,22.39048,114.06607,0:00,24:00:00
Country Park Toilet Locations,"Toilet (Twisk Picnic Site, Junction of Tai Lam Forest Track - Tsing Fai Tong Section & Tin Fu Tsai Section)","Twisk Picnic Site, Junction of Tai Lam Forest Track - Tsing Fai Tong Section & Tin Fu Tsai Section",廁所(荃錦郊遊場地；大欖林道-清快塘段及田夫仔段 交界),荃錦郊遊場地；大欖林道-清快塘段及田夫仔段 交界,TAI LAM COUNTRY PARK,大欖郊野公園,1823,1823,https://www.afcd.gov.hk/english/country/cou_vis/cou_vis_rec/cou_vis_dis.html,https://www.afcd.gov.hk/tc_chi/country/cou_vis/cou_vis_rec/cou_vis_dis.html,22.39252,114.07178,0:00,24:00:00
Country Park Toilet Locations,Toilet (near Tai Lam Country Park Twisk Management Centre),Near Tai Lam Country Park Twisk Management Centre,廁所(大欖郊野公園荃錦管理站的鄰近位置),大欖郊野公園荃錦管理站的鄰近位置,TAI LAM COUNTRY PARK,大欖郊野公園,1823,1823,https://www.afcd.gov.hk/english/country/cou_vis/cou_vis_rec/cou_vis_dis.html,https://www.afcd.gov.hk/tc_chi/country/cou_vis/cou_vis_rec/cou_vis_dis.html,22.407,114.10474,0:00,24:00:00
Country Park Toilet Locations,"Toilet (Chuen Lung Barbecue Site No. 2, Rotary Park Nature Trail Finishing Point)","Chuen Lung Barbecue Site No. 2, Rotary Park Nature Trail Finishing Point",廁所(川龍燒烤場地2號；扶輪公園自然教育徑終點),川龍燒烤場地2號；扶輪公園自然教育徑終點,TAI LAM COUNTRY PARK,大欖郊野公園,1823,1823,https://www.afcd.gov.hk/english/country/cou_vis/cou_vis_rec/cou_vis_dis.html,https://www.afcd.gov.hk/tc_chi/country/cou_vis/cou_vis_rec/cou_vis_dis.html,22.39811,114.10899,0:00,24:00:00
Country Park Toilet Locations,"Toilet (Shek Kong Barbecue Site No. 6, near Ma Pau Ling)","Shek Kong Barbecue Site No. 6, near Ma Pau Ling",廁所(近麻包嶺 石崗燒烤場地6號),近麻包嶺 石崗燒烤場地6號,TAI LAM COUNTRY PARK,大欖郊野公園,1823,1823,https://www.afcd.gov.hk/english/country/cou_vis/cou_vis_rec/cou_vis_dis.html,https://www.afcd.gov.hk/tc_chi/country/cou_vis/cou_vis_rec/cou_vis_dis.html,22.42214,114.09467,0:00,24:00:00
Country Park Toilet Locations,"Toilet (Twisk Picnic Site, Tsing Fai Tong)","Twisk Picnic Site, Tsing Fai Tong",廁所(清快塘 荃錦郊遊場地),清快塘 荃錦郊遊場地,TAI LAM COUNTRY PARK,大欖郊野公園,1823,1823,https://www.afcd.gov.hk/english/country/cou_vis/cou_vis_rec/cou_vis_dis.html,https://www.afcd.gov.hk/tc_chi/country/cou_vis/cou_vis_rec/cou_vis_dis.html,22.38498,114.06055,0:00,24:00:00
Country Park Toilet Locations,Toilet (Ho Pui Campsite),Ho Pui Campsite,廁所(河背營地),河背營地,TAI LAM COUNTRY PARK,大欖郊野公園,1823,1823,https://www.afcd.gov.hk/english/country/cou_vis/cou_vis_rec/cou_vis_dis.html,https://www.afcd.gov.hk/tc_chi/country/cou_vis/cou_vis_rec/cou_vis_dis.html,22.41062,114.07182,0:00,24:00:00
Country Park Toilet Locations,"Toilet (MacLehose Trail - Section No. 9, Pak Shek Kiu)","MacLehose Trail - Section No. 9, Pak Shek Kiu",廁所(白石橋 麥理浩徑 - 第九段),白石橋 麥理浩徑 - 第九段,TAI LAM COUNTRY PARK,大欖郊野公園,1823,1823,https://www.afcd.gov.hk/english/country/cou_vis/cou_vis_rec/cou_vis_dis.html,https://www.afcd.gov.hk/tc_chi/country/cou_vis/cou_vis_rec/cou_vis_dis.html,22.39944,114.09148,0:00,24:00:00
Country Park Toilet Locations,Toilet (Tai Lam Forest Track - Tsing Fai Tong Section),Tai Lam Forest Track - Tsing Fai Tong Section,廁所(大欖林道-清快塘段),大欖林道-清快塘段,TAI LAM COUNTRY PARK,大欖郊野公園,1823,1823,https://www.afcd.gov.hk/english/country/cou_vis/cou_vis_rec/cou_vis_dis.html,https://www.afcd.gov.hk/tc_chi/country/cou_vis/cou_vis_rec/cou_vis_dis.html,22.3885,114.07261,0:00,24:00:00
Country Park Toilet Locations,Toilet (Twisk Picnic Site; Near MacLehose Trail - Section No. 9 Starting Point),Twisk Picnic Site; Near MacLehose Trail - Section No. 9 Starting Point,廁所(荃錦郊遊場地；近麥理浩徑 - 第九段 起點),荃錦郊遊場地；近麥理浩徑 - 第九段 起點,TAI LAM COUNTRY PARK,大欖郊野公園,1823,1823,https://www.afcd.gov.hk/english/country/cou_vis/cou_vis_rec/cou_vis_dis.html,https://www.afcd.gov.hk/tc_chi/country/cou_vis/cou_vis_rec/cou_vis_dis.html,22.40743,114.10193,0:00,24:00:00
Country Park Toilet Locations,"Toilet (MacLehose Trail - Section No. 10, Tin Fu Tsai)","MacLehose Trail - Section No. 10, Tin Fu Tsai",廁所(田夫仔 麥理浩徑 - 第十段),田夫仔 麥理浩徑 - 第十段,TAI LAM COUNTRY PARK,大欖郊野公園,1823,1823,https://www.afcd.gov.hk/english/country/cou_vis/cou_vis_rec/cou_vis_dis.html,https://www.afcd.gov.hk/tc_chi/country/cou_vis/cou_vis_rec/cou_vis_dis.html,22.39399,114.06077,0:00,24:00:00
Country Park Toilet Locations,"Toilet (Twisk Barbecue Site No.2, Tai Mo Shan Road)","Twisk Barbecue Site No.2, Tai Mo Shan Road",廁所(大帽山道 荃錦燒烤場地),大帽山道 荃錦燒烤場地,TAI LAM COUNTRY PARK,大欖郊野公園,1823,1823,https://www.afcd.gov.hk/english/country/cou_vis/cou_vis_rec/cou_vis_dis.html,https://www.afcd.gov.hk/tc_chi/country/cou_vis/cou_vis_rec/cou_vis_dis.html,22.4056,114.10497,0:00,24:00:00
Country Park Toilet Locations,Toilet (Twisk Picnic Site; Tin Fu Tsai North Mountain Bike Trail),Twisk Picnic Site; Tin Fu Tsai North Mountain Bike Trail,廁所(荃錦郊遊場地；田夫仔北越野單車徑),荃錦郊遊場地；田夫仔北越野單車徑,TAI LAM COUNTRY PARK,大欖郊野公園,1823,1823,https://www.afcd.gov.hk/english/country/cou_vis/cou_vis_rec/cou_vis_dis.html,https://www.afcd.gov.hk/tc_chi/country/cou_vis/cou_vis_rec/cou_vis_dis.html,22.39647,114.07384,0:00,24:00:00
Country Park Toilet Locations,Toilet (Kau Ling Chung Campsite),Kau Ling Chung Campsite,廁所 (狗嶺涌營地),狗嶺涌營地,LANTAU SOUTH COUNTRY PARK,南大嶼郊野公園,1823,1823,https://www.afcd.gov.hk/english/country/cou_vis/cou_vis_rec/cou_vis_dis.html,https://www.afcd.gov.hk/tc_chi/country/cou_vis/cou_vis_rec/cou_vis_dis.html,22.20454,113.86364,0:00,24:00:00
Country Park Toilet Locations,Toilet (Kau Ling Chung Catchwater Picnic Site No. 3; near Lantau Trail - Section No. 8 Start Point),Kau Ling Chung Catchwater Picnic Site No. 3; near Lantau Trail - Section No. 8 Start Point,廁所 (狗嶺涌引水道郊遊場地3號；近鳳凰徑- 第8段 起點 ),狗嶺涌引水道郊遊場地3號；近鳳凰徑- 第8段 起點,LANTAU SOUTH COUNTRY PARK,南大嶼郊野公園,1823,1823,https://www.afcd.gov.hk/english/country/cou_vis/cou_vis_rec/cou_vis_dis.html,https://www.afcd.gov.hk/tc_chi/country/cou_vis/cou_vis_rec/cou_vis_dis.html,22.20777,113.86811,0:00,24:00:00
Country Park Toilet Locations,Toilet (Lions Nature Education Centre - Car Park),Lions Nature Education Centre,廁所 (獅子會自然教育中心 - 停車場),獅子會自然教育中心,TSIU HANG SPECIAL AREA,蕉坑特別地區,1823,1823,https://www.afcd.gov.hk/english/country/cou_vis/cou_vis_rec/cou_vis_dis.html,https://www.afcd.gov.hk/tc_chi/country/cou_vis/cou_vis_rec/cou_vis_dis.html,22.3742,114.26521,0:00,24:00:00
Country Park Toilet Locations,Toilet (Lions Nature Education Centre - Cafeteria),Lions Nature Education Centre,廁所 (獅子會自然教育中心 - 聰鳴茶座),獅子會自然教育中心,TSIU HANG SPECIAL AREA,蕉坑特別地區,1823,1823,https://www.afcd.gov.hk/english/country/cou_vis/cou_vis_rec/cou_vis_dis.html,https://www.afcd.gov.hk/tc_chi/country/cou_vis/cou_vis_rec/cou_vis_dis.html,22.37444,114.26265,0:00,24:00:00
Country Park Toilet Locations,Toilet (Lions Nature Education Centre - Visitor Centre),Lions Nature Education Centre,廁所 (獅子會自然教育中心 - 遊客中心),獅子會自然教育中心,TSIU HANG SPECIAL AREA,蕉坑特別地區,1823,1823,https://www.afcd.gov.hk/english/country/cou_vis/cou_vis_rec/cou_vis_dis.html,https://www.afcd.gov.hk/tc_chi/country/cou_vis/cou_vis_rec/cou_vis_dis.html,22.37366,114.26423,0:00,24:00:00
Country Park Toilet Locations,"Toilet (Sham Tseng Picnic Site No. 310, Tai Lam Chung Reservoir)","Sham Tseng Picnic Site No. 310, Tai Lam Chung Reservoir",廁所(深井郊遊場地310號；大欖涌水塘),深井郊遊場地310號；大欖涌水塘,TAI LAM COUNTRY PARK,大欖郊野公園,1823,1823,https://www.afcd.gov.hk/english/country/cou_vis/cou_vis_rec/cou_vis_dis.html,https://www.afcd.gov.hk/tc_chi/country/cou_vis/cou_vis_rec/cou_vis_dis.html,22.37384,114.02071,0:00,24:00:00
Country Park Toilet Locations,Toilet (High Island Reservoir West Dam; MacLehose Trail - Section No. 1),High Island Reservoir West Dam; MacLehose Trail - Section No. 1,廁所 (萬宜水庫西壩；麥理浩徑 - 第一段),萬宜水庫西壩；麥理浩徑 - 第一段,SAI KUNG EAST COUNTRY PARK,西貢東郊野公園,1823,1823,https://www.afcd.gov.hk/english/country/cou_vis/cou_vis_rec/cou_vis_dis.html,https://www.afcd.gov.hk/tc_chi/country/cou_vis/cou_vis_rec/cou_vis_dis.html,22.37057,114.34209,0:00,24:00:00
Country Park Toilet Locations,"Toilet (Tuen Mun Barbecue Site No. 2, Tuen Mun Fitness Trail)","Tuen Mun Barbecue Site No. 2, Tuen Mun Fitness Trail",廁所(屯門燒烤場地2號；屯門健身徑),屯門燒烤場地2號；屯門健身徑,TAI LAM COUNTRY PARK,大欖郊野公園,1823,1823,https://www.afcd.gov.hk/english/country/cou_vis/cou_vis_rec/cou_vis_dis.html,https://www.afcd.gov.hk/tc_chi/country/cou_vis/cou_vis_rec/cou_vis_dis.html,22.38328,113.98403,0:00,24:00:00
Country Park Toilet Locations,"Toilet (Halfway along MacLehose Trail - Section No. 10, Tai Lam Chung Reservoir)","Halfway along MacLehose Trail - Section No. 10, Tai Lam Chung Reservoir",廁所(大欖涌水塘 麥理浩徑 - 第十段 中間位),大欖涌水塘 麥理浩徑 - 第十段 中間位,TAI LAM COUNTRY PARK,大欖郊野公園,1823,1823,https://www.afcd.gov.hk/english/country/cou_vis/cou_vis_rec/cou_vis_dis.html,https://www.afcd.gov.hk/tc_chi/country/cou_vis/cou_vis_rec/cou_vis_dis.html,22.38446,114.01936,0:00,24:00:00
Country Park Toilet Locations,"Toilet (Lau Shui Heung Road, near Lau Shui Heung Irrigation Reservoir)","Lau Shui Heung Road, near Lau Shui Heung Irrigation Reservoir",廁所(流水響道 近流水嚮灌溉水塘),流水響道 近流水嚮灌溉水塘,PAT SIN LENG COUNTRY PARK,八仙嶺郊野公園,1823,1823,https://www.afcd.gov.hk/english/country/cou_vis/cou_vis_rec/cou_vis_dis.html,https://www.afcd.gov.hk/tc_chi/country/cou_vis/cou_vis_rec/cou_vis_dis.html,22.4968,114.16998,0:00,24:00:00